Profile Name,Sent Utc Ts,Message Name,Channel,Country Iso Code,Account Locale,Email Locale,Title Name,Email Domain Name,Link Url,Click Utc Ts,Device Model,Click Cnt
Daniel,2025-03-30 00:22:45,Edr Request Verification,EMAIL,CA,en-CA,en,,GMAIL.COM,https://www.netflix.com/account/getmyinfo?action=approve&edr_id=ff4bf906-30ee-410a-a500-e8194e15eb13&msg_token=EQEAmQABAYEAKnFIe59zykdaTeJjUSFYH2Ch9qwohtnpeS2mYjnifMqZ5KUWM4lJ%2BLwWblGYQdktoU3mSFtzuQkWeozyxOZVT321pgDH6HK6LkVapyZi81%2Bg1QqzRCDnw3ZCrncWHkuqPQuU0lIkePu3mNyuxYoR8cPHx7Ofx%2B40ip9m%2BTtDsoJTbOHP5Ci3QafnIZ1dTXePBC%2B8qMqJqmuNbGR7Dt%2FhgK5a%2F6636fixB7KAWNjShmwltyd9CNS8V9FLPRg8R4oZmkijs5qXoWsS9MnxTVA9HiM2MVKtQBoxICW9rfFzVjVx4iSsWfBQ5i2J%2F2EQyTEtaWQZ91WnqHP3jNaszJvPR2ppvzU%3D&g=c7d815f7-c594-4328-9a9d-c42ac436008e&lkid=URL_EDR_APPROVE&lnktrk=EVO&nftoken=BgiQlevcAxKjAVbQstIx5BhEaNA94lXSrqCKayuUz7DZ006bMwb1t1ydHFf2fVuPA%2FxKqkFuSrIDqTLTtUSt1D%2Fi%2F5GyciAqnYqElQwh9Om%2FKqcDOoP0tVDSYWuQ98yKqQDLy1Bl2PAUzMFtllSnY4rTqSvFkMR9SKQD11tJTqjlcvUNNOsfJiQ5ymtYtRr0miqAQuFn5cUtQiAKfEM1%2B%2FfJQpf8PJPGvpoVa3QYBiIOCgzazDr2Bq5N76mS6O8%3D,2025-03-30 00:22:50,--,1
Daniel,2025-03-30 00:22:11,Confirmation Of Password Change,EMAIL,CA,en-CA,en,,GMAIL.COM,,,--,0
Daniel,2025-03-30 00:21:54,Request To Change Password,EMAIL,CA,en-CA,en,,GMAIL.COM,https://www.netflix.com/password?g=d29ad369-c1e5-458c-8da7-446ab4449ff1&lkid=URL_CTA&lnktrk=EVO&nftoken=BgiQlevcAxKjAWvvnWxSMe1OoG3OpCa%2BZP68hgSFkjTKoebOjfJXRw8rH7mqi27ofo2fGEt1ZQZ1JKpO4U8m2kztAV2dp%2FbMjhFhO7svZmzUwDrEbl6J3yd4ZO01EfTMUM2NYLVlxzjC%2B4vlnWJeXxCLIhxGDBtS5BRjZ%2BN1DxqKSur9p%2FGpIrDkEE533zygt4f5K5gkbP6U1j6CXZq4UUYsfsuDJoNeyUD%2Fv7gYBiIOCgzugF1%2B77PEc507lwQ%3D,2025-03-30 00:22:00,--,1
Daniel,2025-03-30 00:20:49,Edr Request Verification,EMAIL,CA,en-CA,en,,GMAIL.COM,https://www.netflix.com/account/getmyinfo?action=approve&edr_id=7d772c49-2a05-439c-94ef-8aae9cc42093&msg_token=EQEAmQABAYEAGkIrJ0%2BlEeZYTAtZrO3HnkjLUJAoHyjFnwLvZYMAzcN4yC68cHRO4W2ABE1uMYWD2WXLoQCcRT%2BsdRoK5X3aH52IRTTii0lxrpkW2e6tL1%2Fn4%2FLzebxugxBC2yhGNkMT6THHPoNylgxAQCH5reHv5ReQ1O5FvCE2LoSTo%2F1eb5st1%2FNeq3fP05bZRRU3a6sRt%2Ff1f%2B8eyct94kYXGlLvmYjYkDmJjQKUERiyPZd9SKIUD1wRZEwh4X2ypA%2B3nhopL4xj2GcIpHf8a0r2acXo8wLYQ%2BItOnfApNmkzaAauCCvU5dX2l7yxyOzH8wZt3Eydu7GH4WmNMqDvly6M04OcL8DDf8%3D&g=5cf27f78-d446-480a-915c-4a3ec02221d7&lkid=URL_EDR_APPROVE&lnktrk=EVO&nftoken=BgiQlevcAxKjAad%2BCpC6iW8Wypxv9kyiJ3E8R4E2q%2FRKSC2iIUC4ANTeSvERQBouz%2BJ%2FFnA4xNEd2b2OmTO1FKqpWFO22D2hEQgoKbRZfqdmStLkvqJSwyZqiB3MZ9h0FQKF%2FZSF2nWkBRf7yItI2wONLqwP3hHmUlSIKDzNPXqs6NZvaYTQuP%2FhgHRpr6ZOEUMNrwBhsHZz5WQBxe%2BNn3i5yxB6v6%2BAhS2mSKAYBiIOCgwjWkv%2BeDHVyZxgtMA%3D,2025-03-30 00:21:06,--,1
Daniel,2025-03-29 00:47:06,Multichannel Thumbs,PUSH,CA,en-CA,en,Kung Fu Panda,GMAIL.COM,,,samsung_SM-G960U,0
Daniel,2025-03-29 00:47:04,Multichannel Thumbs,NOTIFICATIONS,CA,,,Kung Fu Panda,GMAIL.COM,,,--,0
Daniel,2025-03-27 19:03:32,Multichannel Coming Soon,PUSH,CA,en-CA,en,WITCH WATCH,GMAIL.COM,,,samsung_SM-G960U,0
Daniel,2025-03-27 19:03:30,Multichannel Coming Soon,NOTIFICATIONS,CA,,,WITCH WATCH,GMAIL.COM,,,--,0
Daniel,2025-03-26 20:30:12,Multichannel Thumbs,PUSH,CA,en-CA,en,Wolf King,GMAIL.COM,,,samsung_SM-G960U,0
Daniel,2025-03-26 20:30:10,Multichannel Thumbs,NOTIFICATIONS,CA,,,Wolf King,GMAIL.COM,,,--,0
Daniel,2025-03-24 23:31:22,Multichannel Thumbs,EMAIL,CA,en-CA,en,Modest Heroes: Ponoc Short Films Theatre,GMAIL.COM,,,--,0
Daniel,2025-03-23 21:12:53,Voluntary Cancellation,EMAIL,CA,en-CA,en,,GMAIL.COM,,,--,0
Daniel,2025-03-23 21:12:53,Voluntary Cancellation,PUSH,CA,en-CA,en,,GMAIL.COM,,2025-03-23 21:13:11,samsung_SM-G960U,1
Daniel,2025-03-23 21:12:53,Membership Ending Soon Interstitial,ALERTS,CA,,,,GMAIL.COM,,2025-03-24 02:41:34,Rogers_Arris-Xi6-5.1.1,1
Daniel,2025-03-22 20:33:17,Borrower Resolution Interstitial,ALERTS,CA,,,,GMAIL.COM,,,--,0
Daniel,2025-03-21 21:41:25,Multichannel Content Leaving The Service,PUSH,CA,en-CA,en,,GMAIL.COM,,,samsung_SM-G960U,0
Daniel,2025-03-21 21:41:22,Multichannel Content Leaving The Service,NOTIFICATIONS,CA,,,,GMAIL.COM,,,--,0
Daniel,2025-03-21 19:46:46,Borrower Resolution Interstitial,ALERTS,CA,,,,GMAIL.COM,,,--,0
Daniel,2025-03-20 21:55:19,Borrower Resolution Interstitial,ALERTS,CA,,,,GMAIL.COM,,,--,0
Daniel,2025-03-20 21:46:35,Multichannel Coming Soon,PUSH,CA,en-CA,en,Spider-Man: Across the Spider-Verse,GMAIL.COM,,,samsung_SM-G960U,0
Daniel,2025-03-20 21:46:33,Multichannel Coming Soon,NOTIFICATIONS,CA,,,Spider-Man: Across the Spider-Verse,GMAIL.COM,,,--,0
Daniel,2025-03-19 23:03:21,Multichannel Prepromote,PUSH,CA,en-CA,en,No Hard Feelings,GMAIL.COM,,,samsung_SM-G960U,0
Daniel,2025-03-19 23:03:20,Multichannel Prepromote,NOTIFICATIONS,CA,,,No Hard Feelings,GMAIL.COM,,,--,0
Daniel,2025-03-19 22:09:21,Borrower Resolution Interstitial,ALERTS,CA,,,,GMAIL.COM,,,--,0
Daniel,2025-03-18 21:40:04,Borrower Resolution Interstitial,ALERTS,CA,,,,GMAIL.COM,,,--,0
Daniel,2025-03-18 19:25:18,Multichannel Prepromote,PUSH,CA,en-CA,en,Wolf King,GMAIL.COM,,,samsung_SM-G960U,0
Daniel,2025-03-18 19:25:15,Multichannel Prepromote,NOTIFICATIONS,CA,,,Wolf King,GMAIL.COM,,,--,0
Daniel,2025-03-17 21:29:29,Multichannel Thumbs,PUSH,CA,en-CA,en,The Imaginary,GMAIL.COM,,,samsung_SM-G960U,0
Daniel,2025-03-17 21:29:28,Multichannel Thumbs,NOTIFICATIONS,CA,,,The Imaginary,GMAIL.COM,,,--,0
Daniel,2025-03-14 20:41:13,Multichannel Launch,PUSH,CA,en-CA,en,The Electric State,GMAIL.COM,,,samsung_SM-G960U,0
Daniel,2025-03-14 20:41:11,Multichannel Launch,NOTIFICATIONS,CA,,,The Electric State,GMAIL.COM,,,--,0
Daniel,2025-03-13 21:57:28,Multichannel Watch It Again,PUSH,CA,en-CA,en,Pitch Perfect 3,GMAIL.COM,,,samsung_SM-G960U,0
Daniel,2025-03-13 21:57:26,Multichannel Watch It Again,NOTIFICATIONS,CA,,,Pitch Perfect 3,GMAIL.COM,,,--,0
Daniel,2025-03-13 01:40:38,Launch Live Push,PUSH,CA,en-CA,en,Everybody’s Live with John Mulaney,GMAIL.COM,,,samsung_SM-G960U,0
Daniel,2025-03-13 01:00:09,Launch Live Inapp,NOTIFICATIONS,CA,,,Everybody’s Live with John Mulaney,GMAIL.COM,,,--,0
Daniel,2025-03-11 23:55:39,Multichannel Launch,PUSH,CA,en-CA,en,Plankton: The Movie,GMAIL.COM,,,samsung_SM-G960U,0
Daniel,2025-03-11 23:55:36,Multichannel Launch,NOTIFICATIONS,CA,,,Plankton: The Movie,GMAIL.COM,,,--,0
Daniel,2025-03-10 19:54:21,Multichannel Thumbs,PUSH,CA,en-CA,en,Cloudy with a Chance of Meatballs,GMAIL.COM,,,samsung_SM-G960U,0
Daniel,2025-03-10 19:54:20,Multichannel Thumbs,NOTIFICATIONS,CA,,,Cloudy with a Chance of Meatballs,GMAIL.COM,,,--,0
Daniel,2025-03-08 01:26:26,Multichannel Prepromote,NOTIFICATIONS,CA,,,Love Is Blind,GMAIL.COM,,,--,0
Daniel,2025-03-06 21:37:35,Multichannel Watch It Again,PUSH,CA,en-CA,en,Pitch Perfect 3,GMAIL.COM,,,samsung_SM-G960U,0
Daniel,2025-03-06 21:37:33,Multichannel Watch It Again,NOTIFICATIONS,CA,,,Pitch Perfect 3,GMAIL.COM,,,--,0
Daniel,2025-03-05 23:16:26,Multichannel Prepromote,PUSH,CA,en-CA,en,Plankton: The Movie,GMAIL.COM,,,samsung_SM-G960U,0
Daniel,2025-03-05 23:16:24,Multichannel Prepromote,NOTIFICATIONS,CA,,,Plankton: The Movie,GMAIL.COM,,,--,0
Daniel,2025-03-05 02:21:06,Multichannel Thumbs,PUSH,CA,en-CA,en,Puss in Boots: The Last Wish,GMAIL.COM,,,samsung_SM-G960U,0
Daniel,2025-03-05 02:21:04,Multichannel Thumbs,NOTIFICATIONS,CA,,,Puss in Boots: The Last Wish,GMAIL.COM,,,--,0
Daniel,2025-03-03 22:54:04,Multichannel Coming Soon,NOTIFICATIONS,CA,,,Barbie,GMAIL.COM,,,--,0
Daniel,2025-03-03 22:54:04,Multichannel Coming Soon,PUSH,CA,en-CA,en,Barbie,GMAIL.COM,,,samsung_SM-G960U,0
Daniel,2025-03-03 01:07:09,Multichannel Thumbs,PUSH,CA,en-CA,en,Don't Die: The Man Who Wants to Live Forever,GMAIL.COM,,,samsung_SM-G960U,0
Daniel,2025-03-03 01:07:07,Multichannel Thumbs,NOTIFICATIONS,CA,,,Don't Die: The Man Who Wants to Live Forever,GMAIL.COM,,2025-03-08 16:44:38,samsung_SM-G960U,1
Daniel,2025-03-01 22:18:31,Multichannel Top 10,PUSH,CA,en-CA,en,Running Point,GMAIL.COM,,,samsung_SM-G960U,0
Daniel,2025-03-01 22:18:29,Multichannel Top 10,NOTIFICATIONS,CA,,,Running Point,GMAIL.COM,,,--,0
Daniel,2025-02-28 21:47:09,Multichannel What To Watch,PUSH,CA,en-CA,en,Fuller House,GMAIL.COM,,,samsung_SM-G960U,0
Daniel,2025-02-28 21:47:07,Multichannel What To Watch,NOTIFICATIONS,CA,,,Fuller House,GMAIL.COM,,,--,0
Daniel,2025-02-27 20:28:11,Multichannel Prepromote,PUSH,CA,en-CA,en,Frieren: Beyond Journey's End,GMAIL.COM,,,samsung_SM-G960U,0
Daniel,2025-02-27 20:28:09,Multichannel Prepromote,NOTIFICATIONS,CA,,,Frieren: Beyond Journey's End,GMAIL.COM,,,--,0
Daniel,2025-02-27 00:29:55,Borrower Resolution Interstitial,ALERTS,CA,,,,GMAIL.COM,,,--,0
Daniel,2025-02-26 23:48:23,Multichannel Thumbs,PUSH,CA,en-CA,en,Despicable Me 2,GMAIL.COM,,,samsung_SM-G960U,0
Daniel,2025-02-26 23:48:22,Multichannel Thumbs,NOTIFICATIONS,CA,,,Despicable Me 2,GMAIL.COM,,,--,0
Daniel,2025-02-25 23:39:49,Borrower Resolution Interstitial,ALERTS,CA,,,,GMAIL.COM,,,--,0
Daniel,2025-02-25 21:37:17,Multichannel Prepromote,PUSH,CA,en-CA,en,Puniru Is a Cute Slime,GMAIL.COM,,,samsung_SM-G960U,0
Daniel,2025-02-25 21:37:15,Multichannel Prepromote,NOTIFICATIONS,CA,,,Puniru Is a Cute Slime,GMAIL.COM,,,--,0
Daniel,2025-02-25 00:30:29,Multichannel Coming Soon,PUSH,CA,en-CA,en,Halo,GMAIL.COM,,,samsung_SM-G960U,0
Daniel,2025-02-25 00:30:27,Multichannel Coming Soon,NOTIFICATIONS,CA,,,Halo,GMAIL.COM,,,--,0
Daniel,2025-02-24 22:53:06,Borrower Resolution Interstitial,ALERTS,CA,,,,GMAIL.COM,,,--,0
Daniel,2025-02-24 00:24:05,Borrower Resolution Interstitial,ALERTS,CA,,,,GMAIL.COM,,,--,0
Daniel,2025-02-23 23:36:07,Launch Live Push,PUSH,CA,en-CA,en,The 31st Annual Screen Actors Guild Awards,GMAIL.COM,,,samsung_SM-G960U,0
Daniel,2025-02-23 22:28:06,Launch Live Inapp,NOTIFICATIONS,CA,,,The 31st Annual Screen Actors Guild Awards,GMAIL.COM,,,--,0
Daniel,2025-02-23 20:57:23,Launch Live Email,EMAIL,CA,en-CA,en,The 31st Annual Screen Actors Guild Awards,GMAIL.COM,,,--,0
Daniel,2025-02-21 22:56:31,Multichannel Games What To Play,PUSH,CA,en-CA,en,,GMAIL.COM,,,samsung_SM-G960U,0
Daniel,2025-02-21 22:56:30,Multichannel Games What To Play,NOTIFICATIONS,CA,,,,GMAIL.COM,,,samsung_SM-G960U,0
Daniel,2025-02-21 02:36:10,Multichannel Thumbs,NOTIFICATIONS,CA,,,Hilda,GMAIL.COM,,,samsung_SM-G960U,0
Daniel,2025-02-21 02:36:10,Multichannel Thumbs,PUSH,CA,en-CA,en,Hilda,GMAIL.COM,,,samsung_SM-G960U,0
Daniel,2025-02-20 01:51:14,Multichannel Prepromote,PUSH,CA,en-CA,en,Pantheon,GMAIL.COM,,,samsung_SM-G960U,0
Daniel,2025-02-20 01:51:13,Multichannel Prepromote,NOTIFICATIONS,CA,,,Pantheon,GMAIL.COM,,,--,0
Daniel,2025-02-18 22:22:21,Multichannel Prepromote,PUSH,CA,en-CA,en,The First Frost,GMAIL.COM,,,samsung_SM-G960U,0
Daniel,2025-02-18 22:22:18,Multichannel Prepromote,NOTIFICATIONS,CA,,,The First Frost,GMAIL.COM,,,--,0
Daniel,2025-02-17 20:16:21,Multichannel Coming Soon,PUSH,CA,en-CA,en,Puss in Boots: The Last Wish,GMAIL.COM,,,samsung_SM-G960U,0
Daniel,2025-02-17 20:16:19,Multichannel Coming Soon,NOTIFICATIONS,CA,,,Puss in Boots: The Last Wish,GMAIL.COM,,,--,0
Daniel,2025-02-16 23:21:13,Multichannel Launch,PUSH,CA,en-CA,en,Charlotte,GMAIL.COM,,,samsung_SM-G960U,0
Daniel,2025-02-16 23:21:11,Multichannel Launch,NOTIFICATIONS,CA,,,Charlotte,GMAIL.COM,,,--,0
Daniel,2025-02-15 21:30:20,Multichannel Thumbs,PUSH,CA,en-CA,en,Psych,GMAIL.COM,,,samsung_SM-G960U,0
Daniel,2025-02-15 21:30:19,Multichannel Thumbs,NOTIFICATIONS,CA,,,Psych,GMAIL.COM,,,--,0
Daniel,2025-02-15 02:46:02,Multichannel Collections,EMAIL,CA,en-CA,en,,GMAIL.COM,,,--,0
Daniel,2025-02-14 23:01:40,Multichannel Collections,PUSH,CA,en-CA,en,,GMAIL.COM,,,samsung_SM-G960U,0
Daniel,2025-02-14 23:01:39,Multichannel Collections,NOTIFICATIONS,CA,,,,GMAIL.COM,,,samsung_SM-G960U,0
Daniel,2025-02-14 00:15:13,Multichannel Games What To Play,PUSH,CA,en-CA,en,,GMAIL.COM,,,samsung_SM-G960U,0
Daniel,2025-02-14 00:15:11,Multichannel Games What To Play,NOTIFICATIONS,CA,,,,GMAIL.COM,,,samsung_SM-G960U,0
Daniel,2025-02-13 02:16:05,Multichannel Content Leaving The Service,PUSH,CA,en-CA,en,,GMAIL.COM,,,samsung_SM-G960U,0
Daniel,2025-02-13 02:16:04,Multichannel Content Leaving The Service,NOTIFICATIONS,CA,,,,GMAIL.COM,,,--,0
Daniel,2025-02-12 21:59:32,Multichannel Content Leaving The Service,EMAIL,CA,en-CA,en,Big Time Rush,GMAIL.COM,,,--,0
Daniel,2025-02-12 02:45:21,Multichannel Thumbs,PUSH,CA,en-CA,en,The Seven Deadly Sins: Four Knights of the Apocalypse,GMAIL.COM,,,samsung_SM-G960U,0
Daniel,2025-02-12 02:45:19,Multichannel Thumbs,NOTIFICATIONS,CA,,,The Seven Deadly Sins: Four Knights of the Apocalypse,GMAIL.COM,,,--,0
Daniel,2025-02-12 02:36:12,Multichannel Thumbs,EMAIL,CA,en-CA,en,The Seven Deadly Sins: Four Knights of the Apocalypse,GMAIL.COM,,,--,0
Daniel,2025-02-11 17:07:28,Price Change Confirmation,EMAIL,CA,en-CA,en,,GMAIL.COM,,,--,0
Daniel,2025-02-11 08:58:40,Price Change Announcement,EMAIL,CA,en-CA,en,,GMAIL.COM,,,--,0
Daniel,2025-02-11 08:58:37,Price Change Announcement Interstitial,ALERTS,CA,,,,GMAIL.COM,,2025-02-11 16:59:26,samsung_SM-S921W,1
Daniel,2025-02-11 00:08:18,Multichannel Top 10,EMAIL,CA,en-CA,en,Kinda Pregnant,GMAIL.COM,,,--,0
Daniel,2025-02-10 20:28:26,Multichannel Top 10,PUSH,CA,en-CA,en,Kinda Pregnant,GMAIL.COM,,,samsung_SM-G960U,0
Daniel,2025-02-10 20:28:23,Multichannel Top 10,NOTIFICATIONS,CA,,,Kinda Pregnant,GMAIL.COM,,,--,0
Daniel,2025-02-07 21:07:19,Multichannel Continue Watching,PUSH,CA,en-CA,en,The Seven Deadly Sins,GMAIL.COM,,2025-02-07 21:16:09,samsung_SM-G960U,1
Daniel,2025-02-07 21:07:16,Multichannel Continue Watching,NOTIFICATIONS,CA,,,The Seven Deadly Sins,GMAIL.COM,,,--,0
Daniel,2025-02-07 00:32:22,Multichannel Top 10,EMAIL,CA,en-CA,en,The Super Mario Bros. Movie,GMAIL.COM,,,--,0
Daniel,2025-02-06 23:07:07,Multichannel Top 10,NOTIFICATIONS,CA,,,The Super Mario Bros. Movie,GMAIL.COM,,,--,0
Daniel,2025-02-06 01:15:15,Multichannel Games What To Play,PUSH,CA,en-CA,en,,GMAIL.COM,,,samsung_SM-G960U,0
Daniel,2025-02-06 01:15:14,Multichannel Games What To Play,NOTIFICATIONS,CA,,,,GMAIL.COM,,,--,0
Daniel,2025-02-03 02:25:20,Multichannel Games Single New Arrival,PUSH,CA,en-CA,en,,GMAIL.COM,,,samsung_SM-G960U,0
Daniel,2025-02-03 00:51:12,Multichannel Games Single New Arrival,NOTIFICATIONS,CA,,,,GMAIL.COM,,,--,0
Daniel,2025-02-02 02:31:38,Multichannel Games Afterglow,PUSH,CA,en-CA,en,,GMAIL.COM,,,samsung_SM-G960U,0
Daniel,2025-02-01 20:31:33,Multichannel Games Afterglow,NOTIFICATIONS,CA,,,,GMAIL.COM,,,--,0
Daniel,2025-01-26 22:42:30,Multichannel Thumbs,EMAIL,CA,en-CA,en,White Chicks,GMAIL.COM,,,--,0
Daniel,2025-01-26 20:42:10,Multichannel Thumbs,PUSH,CA,en-CA,en,White Chicks,GMAIL.COM,,,samsung_SM-G960U,0
Daniel,2025-01-26 20:42:08,Multichannel Thumbs,NOTIFICATIONS,CA,,,White Chicks,GMAIL.COM,,,--,0
Daniel,2025-01-25 23:54:43,Multichannel Coming Soon,EMAIL,CA,en-CA,en,Apple Cider Vinegar,GMAIL.COM,,,--,0
Daniel,2025-01-25 22:31:27,Multichannel Coming Soon,PUSH,CA,en-CA,en,Apple Cider Vinegar,GMAIL.COM,,,samsung_SM-G960U,0
Daniel,2025-01-25 22:31:25,Multichannel Coming Soon,NOTIFICATIONS,CA,,,Apple Cider Vinegar,GMAIL.COM,,,--,0
Daniel,2025-01-23 00:34:21,Multichannel Thumbs,PUSH,CA,en-CA,en,American Murder: The Family Next Door,GMAIL.COM,,,samsung_SM-G960U,0
Daniel,2025-01-23 00:34:19,Multichannel Thumbs,NOTIFICATIONS,CA,,,American Murder: The Family Next Door,GMAIL.COM,,,--,0
Daniel,2025-01-22 21:29:22,Multichannel Thumbs,EMAIL,CA,en-CA,en,American Murder: The Family Next Door,GMAIL.COM,,,--,0
Daniel,2025-01-21 02:54:06,Multichannel Prepromote,PUSH,CA,en-CA,en,W.A.G.s to Riches,GMAIL.COM,,,samsung_SM-G960U,0
Daniel,2025-01-21 02:54:05,Multichannel Prepromote,NOTIFICATIONS,CA,,,W.A.G.s to Riches,GMAIL.COM,,,--,0
Daniel,2025-01-21 02:05:32,Multichannel Prepromote,EMAIL,CA,en-CA,en,W.A.G.s to Riches,GMAIL.COM,,,--,0
Daniel,2025-01-17 01:55:26,Multichannel Games Single New Arrival,PUSH,CA,en-CA,en,,GMAIL.COM,,,samsung_SM-G960U,0
Daniel,2025-01-16 23:54:29,Multichannel Games Single New Arrival,NOTIFICATIONS,CA,,,,GMAIL.COM,,,samsung_SM-G960U,0
Daniel,2025-01-16 01:48:14,Multichannel Thumbs,EMAIL,CA,en-CA,en,Rise of the Guardians,GMAIL.COM,,,--,0
Daniel,2025-01-15 22:27:33,Multichannel Thumbs,PUSH,CA,en-CA,en,Rise of the Guardians,GMAIL.COM,,,samsung_SM-G960U,0
Daniel,2025-01-15 22:27:31,Multichannel Thumbs,NOTIFICATIONS,CA,,,Rise of the Guardians,GMAIL.COM,,,samsung_SM-G960U,0
Daniel,2025-01-11 00:44:21,Launch Live Push,PUSH,CA,en-CA,en,WWE SmackDown,GMAIL.COM,,,samsung_SM-G960U,0
Daniel,2025-01-10 23:16:31,Launch Live Inapp,NOTIFICATIONS,CA,,,WWE SmackDown,GMAIL.COM,,,samsung_SM-G960U,0
Daniel,2025-01-06 04:44:45,New Device Login,EMAIL,CA,en-CA,en,,GMAIL.COM,,,--,0
Daniel,2025-01-06 04:44:30,Otp Login,EMAIL,CA,en-CA,en,,GMAIL.COM,,,--,0
Daniel,2025-01-05 00:26:34,Multichannel Thumbs,PUSH,CA,en-CA,en,Klaus,GMAIL.COM,,,samsung_SM-G960U,0
Daniel,2025-01-05 00:26:33,Multichannel Thumbs,NOTIFICATIONS,CA,,,Klaus,GMAIL.COM,,,samsung_SM-G960U,0
Daniel,2025-01-04 23:19:12,Multichannel Thumbs,EMAIL,CA,en-CA,en,Klaus,GMAIL.COM,,,--,0
Daniel,2025-01-04 02:41:35,Multichannel Kids Activity Report,EMAIL,CA,en-CA,en,,GMAIL.COM,,,--,0
Daniel,2025-01-03 02:46:19,Multichannel Thumbs,EMAIL,CA,en-CA,en,Step Brothers,GMAIL.COM,,,--,0
Daniel,2025-01-03 01:40:21,Multichannel Thumbs,NOTIFICATIONS,CA,,,Step Brothers,GMAIL.COM,,,--,0
Daniel,2025-01-03 01:40:21,Multichannel Thumbs,PUSH,CA,en-CA,en,Step Brothers,GMAIL.COM,,,samsung_SM-G960U,0
Daniel,2024-12-31 23:09:29,Multichannel Watch It Again,PUSH,CA,en-CA,en,Pitch Perfect 2,GMAIL.COM,,,samsung_SM-G960U,0
Daniel,2024-12-31 23:09:27,Multichannel Watch It Again,NOTIFICATIONS,CA,,,Pitch Perfect 2,GMAIL.COM,,,--,0
Daniel,2024-12-30 01:57:21,Multichannel Thumbs,EMAIL,CA,en-CA,en,The Grimm Variations,GMAIL.COM,,,--,0
Daniel,2024-12-29 23:16:25,Multichannel Thumbs,PUSH,CA,en-CA,en,The Grimm Variations,GMAIL.COM,,,samsung_SM-G960U,0
Daniel,2024-12-29 23:16:23,Multichannel Thumbs,NOTIFICATIONS,CA,,,The Grimm Variations,GMAIL.COM,,,--,0
Daniel,2024-12-25 01:15:18,Multichannel Thumbs,EMAIL,CA,en-CA,en,The Dragon Prince,GMAIL.COM,,,--,0
Daniel,2024-12-24 22:53:29,Multichannel Thumbs,PUSH,CA,en-CA,en,The Dragon Prince,GMAIL.COM,,,samsung_SM-G960U,0
Daniel,2024-12-24 22:53:27,Multichannel Thumbs,NOTIFICATIONS,CA,,,The Dragon Prince,GMAIL.COM,,,--,0
Daniel,2024-12-23 01:54:32,Multichannel Games Afterglow,PUSH,CA,en-CA,en,,GMAIL.COM,,,samsung_SM-G960U,0
Daniel,2024-12-23 01:05:24,Multichannel Games Afterglow,NOTIFICATIONS,CA,,,,GMAIL.COM,,,--,0
Daniel,2024-12-22 00:00:34,Multichannel Launch,EMAIL,CA,en-CA,en,The Dragon Prince,GMAIL.COM,,,--,0
Daniel,2024-12-21 23:38:17,Multichannel Launch,PUSH,CA,en-CA,en,The Dragon Prince,GMAIL.COM,,,samsung_SM-G960U,0
Daniel,2024-12-21 23:38:13,Multichannel Launch,NOTIFICATIONS,CA,,,The Dragon Prince,GMAIL.COM,,,--,0
Daniel,2024-12-20 23:10:29,Multichannel Kids Activity Report,EMAIL,CA,en-CA,en,,GMAIL.COM,,,--,0
Daniel,2024-12-20 02:19:06,Multichannel Thumbs,NOTIFICATIONS,CA,,,Cloudy with a Chance of Meatballs 2,GMAIL.COM,,,--,0
Daniel,2024-12-20 02:19:06,Multichannel Thumbs,PUSH,CA,en-CA,en,Cloudy with a Chance of Meatballs 2,GMAIL.COM,,,samsung_SM-G960U,0
Daniel,2024-12-19 20:16:35,Multichannel Thumbs,EMAIL,CA,en-CA,en,Cloudy with a Chance of Meatballs 2,GMAIL.COM,,,--,0
Daniel,2024-12-15 02:27:12,Multichannel Top 10,EMAIL,CA,en-CA,en,Subservience,GMAIL.COM,,,--,0
Daniel,2024-12-15 00:17:40,Multichannel Top 10,PUSH,CA,en-CA,en,Subservience,GMAIL.COM,,,samsung_SM-G960U,0
Daniel,2024-12-15 00:17:39,Multichannel Top 10,NOTIFICATIONS,CA,,,Subservience,GMAIL.COM,,,--,0
Daniel,2024-12-10 01:59:11,Multichannel Thumbs,PUSH,CA,en-CA,en,White Chicks,GMAIL.COM,,,samsung_SM-G960U,0
Daniel,2024-12-10 01:59:10,Multichannel Thumbs,NOTIFICATIONS,CA,,,White Chicks,GMAIL.COM,,,--,0
Daniel,2024-12-05 20:17:20,Otp Login,EMAIL,CA,en-CA,en,,GMAIL.COM,,,--,0
Daniel,2024-11-18 00:34:49,Collect Phone Interstitial,ALERTS,CA,,,,GMAIL.COM,,,--,0
Daniel,2024-11-16 21:52:25,Multichannel Content Leaving The Service,NOTIFICATIONS,CA,,,Ice Age: Collision Course,GMAIL.COM,,,--,0
Daniel,2024-11-04 00:36:40,Multichannel Prepromote,EMAIL,CA,en-CA,en,Love Is A Poison,GMAIL.COM,,,--,0
Daniel,2024-11-01 22:15:23,Multichannel Prepromote,NOTIFICATIONS,CA,,,Pinkfong Little Dino School,GMAIL.COM,,,--,0
Daniel,2024-11-01 20:54:11,Multichannel Prepromote,EMAIL,CA,en-CA,en,Pinkfong Little Dino School,GMAIL.COM,,,--,0
Daniel,2024-11-01 00:35:37,Multichannel Prepromote,EMAIL,CA,en-CA,en,Mindcage,GMAIL.COM,,,--,0
Daniel,2024-10-31 20:43:18,Multichannel Prepromote,NOTIFICATIONS,CA,,,Mindcage,GMAIL.COM,,,--,0
Daniel,2024-10-31 01:50:23,Multichannel Prepromote,EMAIL,CA,en-CA,en,ONE PIECE,GMAIL.COM,,,--,0
Daniel,2024-10-31 00:57:25,Multichannel Prepromote,NOTIFICATIONS,CA,,,ONE PIECE,GMAIL.COM,,,--,0
Daniel,2024-10-30 00:59:01,Multichannel Coming Soon,EMAIL,CA,en-CA,en,Boruto: Naruto Next Generations,GMAIL.COM,,,--,0
Daniel,2024-10-29 19:44:10,Multichannel Coming Soon,NOTIFICATIONS,CA,,,Boruto: Naruto Next Generations,GMAIL.COM,,,--,0
Daniel,2024-10-16 20:49:37,Multichannel Coming Soon,EMAIL,CA,en-CA,en,Family Pack,GMAIL.COM,,,--,0
Daniel,2024-10-16 19:03:14,Multichannel Coming Soon,NOTIFICATIONS,CA,,,Family Pack,GMAIL.COM,,2024-10-22 00:50:49,HXY_MP05,1
Daniel,2024-10-05 22:03:21,Multichannel Thumbs,NOTIFICATIONS,CA,,,Pitch Perfect 3,GMAIL.COM,,,--,0
Daniel,2024-10-05 21:03:06,Multichannel Thumbs,EMAIL,CA,en-CA,en,Pitch Perfect 3,GMAIL.COM,,,--,0
Daniel,2024-10-05 00:45:15,Multichannel Thumbs,NOTIFICATIONS,CA,,,Bad Moms,GMAIL.COM,,,--,0
Daniel,2024-10-04 22:32:03,Multichannel Thumbs,EMAIL,CA,en-CA,en,Bad Moms,GMAIL.COM,,,--,0
Daniel,2024-10-03 21:36:10,Multichannel Top 10,EMAIL,CA,en-CA,en,Nobody Wants This,GMAIL.COM,,,--,0
Daniel,2024-10-03 20:04:31,Multichannel Top 10,NOTIFICATIONS,CA,,,Nobody Wants This,GMAIL.COM,,,--,0
Daniel,2024-09-29 22:37:29,Multichannel Content Leaving The Service,EMAIL,CA,en-CA,en,The Untamed,GMAIL.COM,,,--,0
Daniel,2024-09-29 20:28:18,Multichannel Content Leaving The Service,NOTIFICATIONS,CA,,,The Untamed,GMAIL.COM,,2024-10-03 01:35:46,HXY_MP05,1
Daniel,2024-09-17 21:28:19,Launch Live Inapp,NOTIFICATIONS,CA,,,Live from the Other Side with Tyler Henry,GMAIL.COM,,,--,0
Daniel,2024-09-17 18:53:31,Launch Live Email,EMAIL,CA,en-CA,en,Live from the Other Side with Tyler Henry,GMAIL.COM,,,--,0
Daniel,2024-09-16 22:38:17,Multichannel Awards Promo,NOTIFICATIONS,CA,,,,GMAIL.COM,,,--,0
Daniel,2024-09-16 22:38:17,Multichannel Awards Promo,EMAIL,CA,en-CA,en,,GMAIL.COM,,,--,0
Daniel,2024-09-09 00:27:13,Multichannel Coming Soon,EMAIL,CA,en-CA,en,The Resident,GMAIL.COM,,,--,0
Daniel,2024-09-08 22:00:23,Multichannel Coming Soon,NOTIFICATIONS,CA,,,The Resident,GMAIL.COM,,2024-09-10 15:41:48,HXY_MP05,1
Daniel,2024-09-07 21:56:31,Multichannel Continue Watching,EMAIL,CA,en-CA,en,Seinfeld,GMAIL.COM,,,--,0
Daniel,2024-09-07 19:06:08,Multichannel Continue Watching,NOTIFICATIONS,CA,,,Seinfeld,GMAIL.COM,,,--,0
Daniel,2024-08-23 20:52:22,Multichannel Top 10,EMAIL,CA,en-CA,en,The Union,GMAIL.COM,,,--,0
Daniel,2024-08-23 19:17:27,Multichannel Top 10,NOTIFICATIONS,CA,,,The Union,GMAIL.COM,,2024-09-03 01:06:16,HXY_MP05,1
Daniel,2024-08-18 00:56:24,Multichannel What To Watch,EMAIL,CA,en-CA,en,White Chicks,GMAIL.COM,,,--,0
Daniel,2024-08-17 22:30:30,Multichannel What To Watch,NOTIFICATIONS,CA,,,White Chicks,GMAIL.COM,,,HXY_MP05,0
Daniel,2024-08-15 19:19:35,Multichannel Launch,NOTIFICATIONS,CA,,,KENGAN ASHURA,GMAIL.COM,,,HXY_MP05,0
Daniel,2024-08-15 19:01:29,Multichannel Launch,EMAIL,CA,en-CA,en,KENGAN ASHURA,GMAIL.COM,,,--,0
Daniel,2024-06-28 23:54:20,Multichannel Content Leaving The Service,NOTIFICATIONS,CA,,,,GMAIL.COM,,,HXY_MP05,0
Daniel,2024-06-28 22:50:27,Multichannel Continue Watching,EMAIL,CA,en-CA,en,Victorious,GMAIL.COM,,,--,0
Daniel,2024-06-28 19:43:11,Multichannel Content Leaving The Service,EMAIL,CA,en-CA,en,The Proposal,GMAIL.COM,,,--,0
Daniel,2024-06-28 19:23:25,Multichannel Continue Watching,NOTIFICATIONS,CA,,,Victorious,GMAIL.COM,,,HXY_MP05,0
Daniel,2024-06-27 00:32:30,Multichannel Launch,EMAIL,CA,en-CA,en,Rising Impact,GMAIL.COM,,,--,0
Daniel,2024-06-26 23:29:10,Multichannel Top 10,NOTIFICATIONS,CA,,,Trigger Warning,GMAIL.COM,,,--,0
Daniel,2024-06-26 23:19:37,Multichannel Launch,NOTIFICATIONS,CA,,,Rising Impact,GMAIL.COM,,,--,0
Daniel,2024-06-26 22:58:13,Multichannel Top 10,EMAIL,CA,en-CA,en,Trigger Warning,GMAIL.COM,,,--,0
Daniel,2024-06-16 02:59:12,Confirmation Of Streaming Plan Change,EMAIL,CA,en-CA,en,,GMAIL.COM,,,--,0
Daniel,2024-06-16 02:59:12,Remove Deferred Cancellation,EMAIL,CA,en-CA,en,,GMAIL.COM,,,--,0
Daniel,2024-06-15 11:49:23,Launch Eventize Email,EMAIL,CA,en-CA,en,The Great Indian Kapil Show,GMAIL.COM,,,--,0
Daniel,2024-06-15 11:29:32,Launch Eventize Inapp,NOTIFICATIONS,CA,,,The Great Indian Kapil Show,GMAIL.COM,,,HXY_MP05,0
Daniel,2024-06-13 23:21:29,Multichannel Special Launch,NOTIFICATIONS,CA,,,Bridgerton,GMAIL.COM,,,--,0
Daniel,2024-06-13 22:41:42,Multichannel Special Launch,EMAIL,CA,en-CA,en,Bridgerton,GMAIL.COM,,,--,0
Daniel,2024-06-11 23:52:30,Multichannel Launch,NOTIFICATIONS,CA,,,Hitler and the Nazis: Evil on Trial,GMAIL.COM,,,HXY_MP05,0
Daniel,2024-06-11 22:24:16,Multichannel Launch,EMAIL,CA,en-CA,en,Hitler and the Nazis: Evil on Trial,GMAIL.COM,,,--,0
Daniel,2024-06-11 10:06:40,Migrate Off Basic Enforcement Interstitial,ALERTS,CA,,,,GMAIL.COM,,2024-06-15 17:58:29,Rogers_Arris-Xi6-5.1.1,1
Daniel,2024-06-11 10:06:40,Migrate Off Basic Enforcement Email,EMAIL,CA,en-CA,en,,GMAIL.COM,,,--,0
Daniel,2024-06-05 21:20:12,Multichannel Prepromote,NOTIFICATIONS,CA,,,Hierarchy,GMAIL.COM,,,--,0
Daniel,2024-06-05 21:07:35,Multichannel Prepromote,EMAIL,CA,en-CA,en,Hierarchy,GMAIL.COM,,,--,0
Daniel,2024-05-28 23:34:18,Multichannel Prepromote,NOTIFICATIONS,CA,,,Eric,GMAIL.COM,,,--,0
Daniel,2024-05-28 22:59:20,Multichannel Prepromote,EMAIL,CA,en-CA,en,Eric,GMAIL.COM,,,--,0
Daniel,2024-05-25 23:44:19,Multichannel Prepromote,EMAIL,CA,en-CA,en,The Bricklayer,GMAIL.COM,,,--,0
Daniel,2024-05-25 19:38:18,Multichannel Prepromote,NOTIFICATIONS,CA,,,The Bricklayer,GMAIL.COM,,,--,0
Daniel,2024-05-25 08:10:09,Migrate Off Basic Reminder Email,EMAIL,CA,en-CA,en,,GMAIL.COM,,,--,0
Daniel,2024-05-23 01:42:18,Multichannel Prepromote,EMAIL,CA,en-CA,en,My Oni Girl,GMAIL.COM,,,--,0
Daniel,2024-05-22 23:32:07,Collect Phone Interstitial,ALERTS,CA,,,,GMAIL.COM,,,--,0
Daniel,2024-05-22 22:52:32,Multichannel Prepromote,NOTIFICATIONS,CA,,,My Oni Girl,GMAIL.COM,,,--,0
Daniel,2024-05-16 01:36:17,Multichannel Launch,EMAIL,CA,en-CA,en,Spider-Man: No Way Home (Extended Version),GMAIL.COM,,,--,0
Daniel,2024-05-15 20:02:23,Multichannel Launch,NOTIFICATIONS,CA,,,Spider-Man: No Way Home (Extended Version),GMAIL.COM,,,--,0
Daniel,2024-05-13 11:40:39,Terms Of Use Interstitial,ALERTS,CA,,,,GMAIL.COM,,2024-05-13 13:40:53,HXY_MP05,1
Daniel,2024-05-11 08:10:20,Migrate Off Basic Announcement Interstitial,ALERTS,CA,,,,GMAIL.COM,,2024-05-18 13:40:06,HXY_MP05,1
Daniel,2024-05-06 01:51:33,Multichannel Launch,NOTIFICATIONS,CA,,,Black Clover,GMAIL.COM,,,HXY_MP05,0
Daniel,2024-05-06 00:58:15,Multichannel Launch,EMAIL,CA,en-CA,en,Black Clover,GMAIL.COM,,,--,0
Daniel,2024-05-04 00:30:16,Multichannel Launch,NOTIFICATIONS,CA,,,Haikyu!!,GMAIL.COM,,,HXY_MP05,0
Daniel,2024-05-03 23:23:16,Multichannel Launch,EMAIL,CA,en-CA,en,Haikyu!!,GMAIL.COM,,,--,0
Daniel,2024-05-03 00:56:28,Multichannel Launch,NOTIFICATIONS,CA,,,Jujutsu Kaisen,GMAIL.COM,,,HXY_MP05,0
Daniel,2024-05-02 19:48:27,Multichannel Launch,EMAIL,CA,en-CA,en,Jujutsu Kaisen,GMAIL.COM,,,--,0
Daniel,2024-05-01 22:50:21,Multichannel Launch,NOTIFICATIONS,CA,,,Haikyu!!,GMAIL.COM,,,HXY_MP05,0
Daniel,2024-05-01 20:21:35,Multichannel Launch,EMAIL,CA,en-CA,en,Haikyu!!,GMAIL.COM,,,--,0
Daniel,2024-04-30 00:27:17,Multichannel Prepromote,EMAIL,CA,en-CA,en,Jujutsu Kaisen,GMAIL.COM,,,--,0
Daniel,2024-04-29 22:07:41,Migrate Off Basic Press Release Email,EMAIL,CA,en-CA,en,,GMAIL.COM,,,--,0
Daniel,2024-04-29 19:11:05,Multichannel Prepromote,NOTIFICATIONS,CA,,,Jujutsu Kaisen,GMAIL.COM,,,--,0
Daniel,2024-04-28 23:03:34,Multichannel Launch,NOTIFICATIONS,CA,,,TLC Forever,GMAIL.COM,,,--,0
Daniel,2024-04-27 22:14:22,Multichannel Prepromote,EMAIL,CA,en-CA,en,Honeymoonish,GMAIL.COM,,,--,0
Daniel,2024-04-27 20:42:33,Multichannel Prepromote,NOTIFICATIONS,CA,,,Honeymoonish,GMAIL.COM,,,--,0
Daniel,2024-04-26 00:46:36,Multichannel Launch,NOTIFICATIONS,CA,,,Scream VI,GMAIL.COM,,,HXY_MP05,0
Daniel,2024-04-25 21:32:25,Multichannel Launch,EMAIL,CA,en-CA,en,Scream VI,GMAIL.COM,,,--,0
Daniel,2024-04-23 00:02:12,Multichannel Launch,EMAIL,CA,en-CA,en,Barbie: A Touch of Magic,GMAIL.COM,,,--,0
Daniel,2024-04-22 22:31:06,Multichannel Coming Soon,EMAIL,CA,en-CA,en,Jujutsu Kaisen,GMAIL.COM,,,--,0
Daniel,2024-04-22 20:13:10,Multichannel Coming Soon,NOTIFICATIONS,CA,,,Jujutsu Kaisen,GMAIL.COM,,,--,0
Daniel,2024-04-22 19:08:26,Multichannel Launch,NOTIFICATIONS,CA,,,Barbie: A Touch of Magic,GMAIL.COM,,,--,0
Daniel,2024-04-21 23:07:15,Multichannel Launch,NOTIFICATIONS,CA,,,The Upshaws,GMAIL.COM,,,--,0
Daniel,2024-04-21 20:32:30,Multichannel Launch,EMAIL,CA,en-CA,en,The Upshaws,GMAIL.COM,,,--,0
Daniel,2024-04-18 19:20:41,Multichannel Launch,NOTIFICATIONS,CA,,,Mob Psycho 100,GMAIL.COM,,,--,0
Daniel,2024-04-18 19:20:39,Multichannel Launch,EMAIL,CA,en-CA,en,Mob Psycho 100,GMAIL.COM,,,--,0
Daniel,2024-04-15 21:49:28,Multichannel Prepromote,EMAIL,CA,en-CA,en,The Grimm Variations,GMAIL.COM,,,--,0
Daniel,2024-04-15 19:08:43,Multichannel Prepromote,NOTIFICATIONS,CA,,,The Grimm Variations,GMAIL.COM,,,--,0
Daniel,2024-04-11 20:10:37,Multichannel Launch,EMAIL,CA,en-CA,en,Suzume,GMAIL.COM,,,--,0
Daniel,2024-04-11 19:33:25,Multichannel Launch,NOTIFICATIONS,CA,,,Suzume,GMAIL.COM,,,--,0
Daniel,2024-04-09 07:35:39,Ads Cross Promote Interstitial,ALERTS,CA,,,,GMAIL.COM,,2024-04-09 16:37:57,edge-cadmium,1
Daniel,2024-04-04 20:37:55,New Device Login,EMAIL,CA,en-CA,en,,GMAIL.COM,,,--,0
Daniel,2024-04-03 21:34:36,Multichannel Prepromote,EMAIL,CA,en-CA,en,Parasyte: The Grey,GMAIL.COM,,,--,0
Daniel,2024-04-03 19:40:32,Multichannel Prepromote,NOTIFICATIONS,CA,,,Parasyte: The Grey,GMAIL.COM,,,--,0
Daniel,2024-04-01 20:26:30,Multichannel Prepromote,EMAIL,CA,en-CA,en,Files of the Unexplained,GMAIL.COM,,,--,0
Daniel,2024-04-01 19:15:03,Multichannel Prepromote,NOTIFICATIONS,CA,,,Files of the Unexplained,GMAIL.COM,,,--,0
Daniel,2024-03-31 23:54:37,Multichannel Prepromote,EMAIL,CA,en-CA,en,Together: Treble Winners,GMAIL.COM,,,--,0
Daniel,2024-03-31 21:37:12,Multichannel Prepromote,NOTIFICATIONS,CA,,,Together: Treble Winners,GMAIL.COM,,,--,0
Daniel,2024-03-29 17:52:36,Confirmation Of Add And Change Mop,EMAIL,CA,en-CA,en,,GMAIL.COM,,,--,0
Daniel,2024-03-29 01:55:06,Multichannel Prepromote,EMAIL,CA,en-CA,en,Everyone Loves Me,GMAIL.COM,,,--,0
Daniel,2024-03-28 21:22:09,Multichannel Prepromote,NOTIFICATIONS,CA,,,Everyone Loves Me,GMAIL.COM,,,--,0
Daniel,2024-03-28 00:00:16,Multichannel Prepromote,EMAIL,CA,en-CA,en,The Beautiful Game,GMAIL.COM,,,--,0
Daniel,2024-03-27 23:57:10,Multichannel Prepromote,NOTIFICATIONS,CA,,,The Beautiful Game,GMAIL.COM,,,--,0
Daniel,2024-03-21 23:00:30,Multichannel What To Watch,NOTIFICATIONS,CA,,,Grown Ups,GMAIL.COM,,,HXY_MP05,0
Daniel,2024-03-21 22:14:24,Multichannel What To Watch,EMAIL,CA,en-CA,en,Grown Ups,GMAIL.COM,,,--,0
Daniel,2024-03-18 20:02:57,Device Retirement Interstitial,ALERTS,CA,,,,GMAIL.COM,,,--,0
Daniel,2024-03-10 20:58:40,Multichannel Prepromote,EMAIL,CA,en-CA,en,Turning Point: The Bomb and the Cold War,GMAIL.COM,,,--,0
Daniel,2024-03-10 19:56:29,Multichannel Prepromote,NOTIFICATIONS,CA,,,Turning Point: The Bomb and the Cold War,GMAIL.COM,,,--,0
Daniel,2024-03-09 08:35:55,Ads Cross Promote Interstitial,ALERTS,CA,,,,GMAIL.COM,,,--,0
Daniel,2024-03-09 02:47:31,Multichannel Launch,NOTIFICATIONS,CA,,,The Gentlemen,GMAIL.COM,,,--,0
Daniel,2024-03-07 01:43:31,Multichannel Launch,NOTIFICATIONS,CA,,,Boruto: Naruto Next Generations,GMAIL.COM,,,--,0
Daniel,2024-03-06 20:46:20,Multichannel Launch,EMAIL,CA,en-CA,en,Boruto: Naruto Next Generations,GMAIL.COM,,,--,0
Daniel,2024-03-03 01:26:18,Multichannel Prepromote,NOTIFICATIONS,CA,,,Hot Wheels Let's Race,GMAIL.COM,,,--,0
Daniel,2024-03-03 01:08:32,Multichannel Prepromote,EMAIL,CA,en-CA,en,Hot Wheels Let's Race,GMAIL.COM,,,--,0
Daniel,2024-02-25 02:13:13,Multichannel Prepromote,EMAIL,CA,en-CA,en,Indigo,GMAIL.COM,,,--,0
Daniel,2024-02-24 23:07:30,Multichannel Prepromote,NOTIFICATIONS,CA,,,Indigo,GMAIL.COM,,,--,0
Daniel,2024-02-17 17:14:03,New Device Login,EMAIL,CA,en-CA,en,,GMAIL.COM,,,--,0
Daniel,2024-02-14 20:21:28,Multichannel Prepromote,NOTIFICATIONS,CA,,,Einstein and the Bomb,GMAIL.COM,,,--,0
Daniel,2024-02-14 20:19:30,Multichannel Prepromote,EMAIL,CA,en-CA,en,Einstein and the Bomb,GMAIL.COM,,,--,0
Daniel,2024-02-13 23:50:31,Multichannel Prepromote,EMAIL,CA,en-CA,en,House of Ninjas,GMAIL.COM,,,--,0
Daniel,2024-02-13 22:54:02,Multichannel Prepromote,NOTIFICATIONS,CA,,,House of Ninjas,GMAIL.COM,,,--,0
Daniel,2024-02-13 01:12:04,Multichannel Prepromote,EMAIL,CA,en-CA,en,Players,GMAIL.COM,,,--,0
Daniel,2024-02-12 20:30:18,Multichannel Prepromote,NOTIFICATIONS,CA,,,Players,GMAIL.COM,,,--,0
Daniel,2024-02-09 08:40:49,Ads Cross Promote Interstitial,ALERTS,CA,,,,GMAIL.COM,,,--,0
Daniel,2024-02-03 16:21:18,Borrower Resolution Interstitial,ALERTS,CA,,,,GMAIL.COM,,,--,0
Daniel,2024-02-02 10:13:32,Borrower Resolution Interstitial,ALERTS,CA,,,,GMAIL.COM,,,--,0
Daniel,2024-02-01 21:32:33,Borrower Resolution Interstitial,ALERTS,CA,,,,GMAIL.COM,,,--,0
Daniel,2024-01-31 12:07:25,Borrower Resolution Interstitial,ALERTS,CA,,,,GMAIL.COM,,,--,0
Daniel,2024-01-29 00:44:05,Multichannel What To Watch,NOTIFICATIONS,CA,,,Mamma Mia!,GMAIL.COM,,,HXY_MP05,0
Daniel,2024-01-29 00:20:06,Multichannel What To Watch,EMAIL,CA,en-CA,en,Mamma Mia!,GMAIL.COM,,,--,0
Daniel,2024-01-26 23:46:18,Multichannel Thumbs,EMAIL,CA,en-CA,en,21 Jump Street,GMAIL.COM,,,--,0
Daniel,2024-01-26 23:03:31,Multichannel Thumbs,NOTIFICATIONS,CA,,,21 Jump Street,GMAIL.COM,,,--,0
Daniel,2024-01-24 02:27:03,New Device Login,EMAIL,CA,en-CA,en,,GMAIL.COM,,,--,0
Daniel,2024-01-24 02:14:47,New Device Login,EMAIL,CA,en-CA,en,,GMAIL.COM,,,--,0
Daniel,2024-01-10 00:41:11,Multichannel Prepromote,EMAIL,CA,en-CA,en,Boy Swallows Universe,GMAIL.COM,,,--,0
Daniel,2024-01-09 23:23:16,Multichannel Prepromote,NOTIFICATIONS,CA,,,Boy Swallows Universe,GMAIL.COM,,,--,0
Daniel,2024-01-09 08:44:23,Ads Cross Promote Interstitial,ALERTS,CA,,,,GMAIL.COM,,,--,0
Daniel,2024-01-09 00:06:07,Multichannel Prepromote,NOTIFICATIONS,CA,,,The Trust,GMAIL.COM,,,--,0
Daniel,2024-01-08 22:26:19,Multichannel Prepromote,EMAIL,CA,en-CA,en,The Trust,GMAIL.COM,,,--,0
Daniel,2024-01-08 01:30:27,Multichannel Prepromote,EMAIL,CA,en-CA,en,Pete Davidson: Turbo Fonzarelli,GMAIL.COM,,,--,0
Daniel,2024-01-08 00:46:24,Multichannel Prepromote,NOTIFICATIONS,CA,,,Pete Davidson: Turbo Fonzarelli,GMAIL.COM,,,--,0
Daniel,2024-01-07 01:01:44,Multichannel Prepromote,NOTIFICATIONS,CA,,,Devotion,GMAIL.COM,,,--,0
Daniel,2024-01-06 23:18:23,Multichannel Prepromote,EMAIL,CA,en-CA,en,Devotion,GMAIL.COM,,,--,0
Daniel,2023-12-30 02:48:35,Multichannel Prepromote,NOTIFICATIONS,CA,,,Dave Chappelle: The Dreamer,GMAIL.COM,,,--,0
Daniel,2023-12-29 23:04:02,Multichannel Prepromote,EMAIL,CA,en-CA,en,Dave Chappelle: The Dreamer,GMAIL.COM,,,--,0
Daniel,2023-12-29 02:42:17,Multichannel Launch,NOTIFICATIONS,CA,,,Top Gun: Maverick,GMAIL.COM,,,--,0
Daniel,2023-12-28 22:30:27,Multichannel Launch,EMAIL,CA,en-CA,en,Top Gun: Maverick,GMAIL.COM,,,--,0
Daniel,2023-12-27 22:41:21,Multichannel Launch,EMAIL,CA,en-CA,en,DC League of Super-Pets,GMAIL.COM,,,--,0
Daniel,2023-12-27 20:09:24,Multichannel Launch,NOTIFICATIONS,CA,,,DC League of Super-Pets,GMAIL.COM,,,--,0
Daniel,2023-12-26 23:24:45,Multichannel Prepromote,NOTIFICATIONS,CA,,,Pokémon Concierge,GMAIL.COM,,,--,0
Daniel,2023-12-26 22:52:39,Multichannel Prepromote,EMAIL,CA,en-CA,en,Pokémon Concierge,GMAIL.COM,,,--,0
Daniel,2023-12-26 02:17:15,Multichannel Prepromote,EMAIL,CA,en-CA,en,Hell Camp: Teen Nightmare,GMAIL.COM,,,--,0
Daniel,2023-12-25 22:54:31,Multichannel Prepromote,NOTIFICATIONS,CA,,,Hell Camp: Teen Nightmare,GMAIL.COM,,,--,0
Daniel,2023-12-25 01:21:43,Multichannel Coming Soon,EMAIL,CA,en-CA,en,DC League of Super-Pets,GMAIL.COM,,,--,0
Daniel,2023-12-24 22:50:13,Multichannel Coming Soon,NOTIFICATIONS,CA,,,DC League of Super-Pets,GMAIL.COM,,,--,0
Daniel,2023-12-24 00:48:44,Multichannel Launch,EMAIL,CA,en-CA,en,Sing 2,GMAIL.COM,,,--,0
Daniel,2023-12-23 21:10:08,Multichannel Launch,NOTIFICATIONS,CA,,,Sing 2,GMAIL.COM,,,--,0
Daniel,2023-12-16 04:12:36,New Device Login,EMAIL,CA,en-CA,en,,GMAIL.COM,,,--,0
Daniel,2023-12-09 08:36:23,Ads Cross Promote Interstitial,ALERTS,CA,,,,GMAIL.COM,,,--,0
Daniel,2023-12-02 00:13:17,Multichannel Launch,EMAIL,CA,en-CA,en,The Bad Guys: A Very Bad Holiday,GMAIL.COM,,,--,0
Daniel,2023-12-01 20:11:01,Multichannel Launch,NOTIFICATIONS,CA,,,The Bad Guys: A Very Bad Holiday,GMAIL.COM,,,--,0
Daniel,2023-12-01 02:45:46,Multichannel Prepromote,NOTIFICATIONS,CA,,,Elvis,GMAIL.COM,,,--,0
Daniel,2023-12-01 00:29:16,Multichannel Prepromote,EMAIL,CA,en-CA,en,Elvis,GMAIL.COM,,,--,0
Daniel,2023-11-29 01:19:36,Multichannel Prepromote,NOTIFICATIONS,CA,,,The Bad Guys: A Very Bad Holiday,GMAIL.COM,,,--,0
Daniel,2023-11-29 01:09:31,Multichannel Prepromote,EMAIL,CA,en-CA,en,The Bad Guys: A Very Bad Holiday,GMAIL.COM,,,--,0
Daniel,2023-11-28 02:25:20,Multichannel Prepromote,EMAIL,CA,en-CA,en,Paws of Fury: The Legend of Hank,GMAIL.COM,,,--,0
Daniel,2023-11-28 01:13:18,Multichannel Prepromote,NOTIFICATIONS,CA,,,Paws of Fury: The Legend of Hank,GMAIL.COM,,,--,0
Daniel,2023-11-26 23:01:16,Multichannel Coming Soon,NOTIFICATIONS,CA,,,The Bad Guys: A Very Bad Holiday,GMAIL.COM,,,--,0
Daniel,2023-11-26 21:22:29,Multichannel Coming Soon,EMAIL,CA,en-CA,en,The Bad Guys: A Very Bad Holiday,GMAIL.COM,,,--,0
Daniel,2023-11-25 23:27:27,Multichannel Prepromote,EMAIL,CA,en-CA,en,Candyman,GMAIL.COM,,,--,0
Daniel,2023-11-25 21:23:36,Multichannel Prepromote,NOTIFICATIONS,CA,,,Candyman,GMAIL.COM,,,--,0
Daniel,2023-11-20 02:03:27,Multichannel Launch,NOTIFICATIONS,CA,,,Ghostbusters: Afterlife,GMAIL.COM,,,--,0
Daniel,2023-11-19 22:52:13,Multichannel Launch,EMAIL,CA,en-CA,en,Ghostbusters: Afterlife,GMAIL.COM,,,--,0
Daniel,2023-11-18 20:55:48,Multichannel Launch,EMAIL,CA,en-CA,en,Scott Pilgrim Takes Off,GMAIL.COM,,,--,0
Daniel,2023-11-18 20:31:45,Multichannel Launch,NOTIFICATIONS,CA,,,Scott Pilgrim Takes Off,GMAIL.COM,,,--,0
Daniel,2023-11-17 23:10:25,Multichannel Watch It Again,NOTIFICATIONS,CA,,,Pitch Perfect 3,GMAIL.COM,,,--,0
Daniel,2023-11-17 22:32:23,Multichannel Kids Activity Report,EMAIL,CA,en-CA,en,,GMAIL.COM,,,--,0
Daniel,2023-11-17 20:04:31,Multichannel Watch It Again,EMAIL,CA,en-CA,en,Pitch Perfect 3,GMAIL.COM,,,--,0
Daniel,2023-11-09 08:39:29,Ads Cross Promote Interstitial,ALERTS,CA,,,,GMAIL.COM,,,--,0
Daniel,2023-11-09 02:00:17,Multichannel Coming Soon,EMAIL,CA,en-CA,en,Scott Pilgrim Takes Off,GMAIL.COM,,,--,0
Daniel,2023-11-09 01:38:21,Multichannel Coming Soon,NOTIFICATIONS,CA,,,Scott Pilgrim Takes Off,GMAIL.COM,,,--,0
Daniel,2023-11-04 01:57:19,Multichannel Kids Activity Report,EMAIL,CA,en-CA,en,,GMAIL.COM,,,--,0
Daniel,2023-11-02 17:24:42,Launch Live Inapp,NOTIFICATIONS,CA,,,Baby Animal Cam,GMAIL.COM,,,--,0
Daniel,2023-11-02 13:22:31,Launch Live Email,EMAIL,CA,en-CA,en,Baby Animal Cam,GMAIL.COM,,,--,0
Daniel,2023-11-02 01:37:22,Multichannel Prepromote,NOTIFICATIONS,CA,,,Erin & Aaron,GMAIL.COM,,,--,0
Daniel,2023-11-01 21:24:19,Multichannel Prepromote,EMAIL,CA,en-CA,en,Erin & Aaron,GMAIL.COM,,,--,0
Daniel,2023-10-31 19:47:27,Multichannel Prepromote,EMAIL,CA,en-CA,en,Unicorn Academy,GMAIL.COM,,,--,0
Daniel,2023-10-31 19:35:53,Multichannel Prepromote,NOTIFICATIONS,CA,,,Unicorn Academy,GMAIL.COM,,,--,0
Daniel,2023-10-30 01:02:50,Multichannel Coming Soon,EMAIL,CA,en-CA,en,Unicorn Academy,GMAIL.COM,,,--,0
Daniel,2023-10-29 22:09:12,Multichannel Coming Soon,NOTIFICATIONS,CA,,,Unicorn Academy,GMAIL.COM,,,--,0
Daniel,2023-10-26 22:31:48,Multichannel Prepromote,NOTIFICATIONS,CA,,,Castaway Diva,GMAIL.COM,,,--,0
Daniel,2023-10-26 22:26:36,Multichannel Prepromote,EMAIL,CA,en-CA,en,Castaway Diva,GMAIL.COM,,,--,0
Daniel,2023-10-23 01:19:29,Multichannel Prepromote,EMAIL,CA,en-CA,en,Get Gotti,GMAIL.COM,,,--,0
Daniel,2023-10-22 23:31:18,Multichannel Prepromote,NOTIFICATIONS,CA,,,Get Gotti,GMAIL.COM,,,--,0
Daniel,2023-10-21 00:05:40,Multichannel Prepromote,EMAIL,CA,en-CA,en,Venom: Let There Be Carnage,GMAIL.COM,,,--,0
Daniel,2023-10-20 22:45:48,Multichannel Prepromote,NOTIFICATIONS,CA,,,Venom: Let There Be Carnage,GMAIL.COM,,,--,0
Daniel,2023-10-20 01:16:21,Multichannel Prepromote,EMAIL,CA,en-CA,en,Trillion Game,GMAIL.COM,,,--,0
Daniel,2023-10-19 21:50:22,Multichannel Prepromote,NOTIFICATIONS,CA,,,Trillion Game,GMAIL.COM,,,--,0
Daniel,2023-10-15 21:59:54,Multichannel Prepromote,EMAIL,CA,en-CA,en,The Devil on Trial,GMAIL.COM,,,--,0
Daniel,2023-10-15 20:07:33,Multichannel Prepromote,NOTIFICATIONS,CA,,,The Devil on Trial,GMAIL.COM,,,--,0
Daniel,2023-10-12 01:53:43,Multichannel Launch,NOTIFICATIONS,CA,,,Big Vape: The Rise and Fall of Juul,GMAIL.COM,,,--,0
Daniel,2023-10-11 21:34:48,Multichannel Launch,EMAIL,CA,en-CA,en,Big Vape: The Rise and Fall of Juul,GMAIL.COM,,,--,0
Daniel,2023-10-08 00:58:30,Multichannel Launch,NOTIFICATIONS,CA,,,The Loud House,GMAIL.COM,,,--,0
Daniel,2023-10-07 19:38:10,Multichannel Launch,EMAIL,CA,en-CA,en,The Loud House,GMAIL.COM,,,--,0
Daniel,2023-10-02 01:38:13,Multichannel Launch,NOTIFICATIONS,CA,,,A Nightmare on Elm Street,GMAIL.COM,,,--,0
Daniel,2023-09-23 01:39:19,Multichannel Prepromote,NOTIFICATIONS,CA,,,Clifford the Big Red Dog,GMAIL.COM,,,--,0
Daniel,2023-09-22 21:10:18,Multichannel Prepromote,EMAIL,CA,en-CA,en,Clifford the Big Red Dog,GMAIL.COM,,,--,0
Daniel,2023-09-21 19:56:46,Multichannel Prepromote,EMAIL,CA,en-CA,en,Gandeevadhari Arjuna,GMAIL.COM,,,--,0
Daniel,2023-09-21 19:53:15,Multichannel Prepromote,NOTIFICATIONS,CA,,,Gandeevadhari Arjuna,GMAIL.COM,,,--,0
Daniel,2023-09-20 23:27:24,Multichannel Prepromote,EMAIL,CA,en-CA,en,Spy Kids: Armageddon,GMAIL.COM,,,--,0
Daniel,2023-09-20 22:12:19,Multichannel Prepromote,NOTIFICATIONS,CA,,,Spy Kids: Armageddon,GMAIL.COM,,,--,0
Daniel,2023-09-16 23:15:16,Multichannel Launch,EMAIL,CA,en-CA,en,Insomnia,GMAIL.COM,,,--,0
Daniel,2023-09-16 19:37:15,Multichannel Launch,NOTIFICATIONS,CA,,,Insomnia,GMAIL.COM,,,--,0
Daniel,2023-09-14 22:55:24,Multichannel Prepromote,NOTIFICATIONS,CA,,,Chhota Bheem Adventure of Persia,GMAIL.COM,,,--,0
Daniel,2023-09-14 20:56:17,Multichannel Prepromote,EMAIL,CA,en-CA,en,Chhota Bheem Adventure of Persia,GMAIL.COM,,,--,0
Daniel,2023-09-10 21:11:12,Multichannel Prepromote,PUSH,CA,en-CA,en,Michelle Wolf: It's Great to Be Here,GMAIL.COM,,,HXY_MP05,0
Daniel,2023-09-10 21:11:11,Multichannel Prepromote,NOTIFICATIONS,CA,,,Michelle Wolf: It's Great to Be Here,GMAIL.COM,,,--,0
Daniel,2023-09-10 20:53:48,Multichannel Prepromote,EMAIL,CA,en-CA,en,Michelle Wolf: It's Great to Be Here,GMAIL.COM,,,--,0
Daniel,2023-09-07 00:49:38,Multichannel Prepromote,NOTIFICATIONS,CA,,,Spy Ops,GMAIL.COM,,,--,0
Daniel,2023-09-07 00:49:38,Multichannel Prepromote,PUSH,CA,en-CA,en,Spy Ops,GMAIL.COM,,,HXY_MP05,0
Daniel,2023-09-06 22:03:46,Multichannel Prepromote,EMAIL,CA,en-CA,en,Spy Ops,GMAIL.COM,,,--,0
Daniel,2023-09-05 23:09:48,Multichannel Prepromote,EMAIL,CA,en-CA,en,Dear Child,GMAIL.COM,,,--,0
Daniel,2023-09-05 21:12:30,Multichannel Prepromote,PUSH,CA,en-CA,en,Dear Child,GMAIL.COM,,,HXY_MP05,0
Daniel,2023-09-05 21:12:29,Multichannel Prepromote,NOTIFICATIONS,CA,,,Dear Child,GMAIL.COM,,,--,0
Daniel,2023-08-31 01:08:22,Multichannel Prepromote,NOTIFICATIONS,CA,,,F9: The Fast Saga,GMAIL.COM,,,--,0
Daniel,2023-08-31 01:08:22,Multichannel Prepromote,PUSH,CA,en-CA,en,F9: The Fast Saga,GMAIL.COM,,,HXY_MP05,0
Daniel,2023-08-30 21:00:33,Multichannel Prepromote,EMAIL,CA,en-CA,en,F9: The Fast Saga,GMAIL.COM,,,--,0
Daniel,2023-08-29 23:16:33,New Device Login,EMAIL,CA,en-CA,en,,GMAIL.COM,,,--,0
Daniel,2023-08-29 20:51:46,Multichannel Launch,PUSH,CA,en-CA,en,You Are So Not Invited to My Bat Mitzvah,GMAIL.COM,,,HXY_MP05,0
Daniel,2023-08-29 20:51:33,Multichannel Launch,NOTIFICATIONS,CA,,,You Are So Not Invited to My Bat Mitzvah,GMAIL.COM,,,--,0
Daniel,2023-08-29 19:49:08,Multichannel Launch,EMAIL,CA,en-CA,en,You Are So Not Invited to My Bat Mitzvah,GMAIL.COM,,,--,0
Daniel,2023-08-27 22:54:53,Multichannel Launch,EMAIL,CA,en-CA,en,Sonic the Hedgehog 2,GMAIL.COM,,,--,0
Daniel,2023-08-27 22:51:51,Multichannel Launch,PUSH,CA,en-CA,en,Sonic the Hedgehog 2,GMAIL.COM,,,HXY_MP05,0
Daniel,2023-08-27 22:51:50,Multichannel Launch,NOTIFICATIONS,CA,,,Sonic the Hedgehog 2,GMAIL.COM,,,--,0
Daniel,2023-08-27 01:22:27,Multichannel Prepromote,EMAIL,CA,en-CA,en,Face Off 3: Imperfect Trio,GMAIL.COM,,,--,0
Daniel,2023-08-26 19:43:24,Multichannel Prepromote,PUSH,CA,en-CA,en,Face Off 3: Imperfect Trio,GMAIL.COM,,,HXY_MP05,0
Daniel,2023-08-26 19:43:23,Multichannel Prepromote,NOTIFICATIONS,CA,,,Face Off 3: Imperfect Trio,GMAIL.COM,,,--,0
Daniel,2023-08-25 22:09:25,Multichannel Continue Watching,EMAIL,CA,en-CA,en,Superstore,GMAIL.COM,,,--,0
Daniel,2023-08-25 19:45:01,Multichannel Continue Watching,PUSH,CA,en-CA,en,Superstore,GMAIL.COM,,,HXY_MP05,0
Daniel,2023-08-25 19:44:53,Multichannel Continue Watching,NOTIFICATIONS,CA,,,Superstore,GMAIL.COM,,,--,0
Daniel,2023-08-22 00:33:29,Multichannel Prepromote,PUSH,CA,en-CA,en,Destined with You,GMAIL.COM,,,HXY_MP05,0
Daniel,2023-08-22 00:33:26,Multichannel Prepromote,NOTIFICATIONS,CA,,,Destined with You,GMAIL.COM,,,--,0
Daniel,2023-08-21 23:45:33,Multichannel Prepromote,EMAIL,CA,en-CA,en,Destined with You,GMAIL.COM,,,--,0
Daniel,2023-08-20 22:27:38,Multichannel Prepromote,EMAIL,CA,en-CA,en,6 Below: Miracle on the Mountain,GMAIL.COM,,,--,0
Daniel,2023-08-20 20:21:42,Multichannel Prepromote,NOTIFICATIONS,CA,,,6 Below: Miracle on the Mountain,GMAIL.COM,,,--,0
Daniel,2023-08-20 19:26:24,Tv Hd Upsell Interstitial,ALERTS,CA,,,,GMAIL.COM,,2023-08-20 20:49:56,Rogers_Arris-Xi6-5.1.1,1
Daniel,2023-08-20 19:26:24,New Device Login,EMAIL,CA,en-CA,en,,GMAIL.COM,,,--,0
Daniel,2023-08-20 19:26:24,New Device Login,EMAIL,CA,en-CA,en,,GMAIL.COM,,,--,0
Daniel,2023-08-18 23:41:25,Multichannel Coming Soon,PUSH,CA,en-CA,en,Ragnarok,GMAIL.COM,,,HXY_MP05,0
Daniel,2023-08-18 23:41:23,Multichannel Coming Soon,NOTIFICATIONS,CA,,,Ragnarok,GMAIL.COM,,,--,0
Daniel,2023-08-18 21:03:09,Multichannel Coming Soon,EMAIL,CA,en-CA,en,Ragnarok,GMAIL.COM,,,--,0
Daniel,2023-08-17 23:12:28,Multichannel Prepromote,EMAIL,CA,en-CA,en,To Catch a Killer,GMAIL.COM,,,--,0
Daniel,2023-08-17 20:18:33,Multichannel Prepromote,PUSH,CA,en-CA,en,To Catch a Killer,GMAIL.COM,,,HXY_MP05,0
Daniel,2023-08-17 20:18:20,Multichannel Prepromote,NOTIFICATIONS,CA,,,To Catch a Killer,GMAIL.COM,,,--,0
Daniel,2023-08-14 01:54:05,Multichannel Prepromote,EMAIL,CA,en-CA,en,The Kids Are All Right,GMAIL.COM,,,--,0
Daniel,2023-08-14 00:19:31,Multichannel Prepromote,NOTIFICATIONS,CA,,,The Kids Are All Right,GMAIL.COM,,,--,0
Daniel,2023-08-14 00:19:31,Multichannel Prepromote,PUSH,CA,en-CA,en,The Kids Are All Right,GMAIL.COM,,,HXY_MP05,0
Daniel,2023-08-07 23:32:23,Multichannel Thumbs,EMAIL,CA,en-CA,en,Pokémon: Mewtwo Strikes Back - Evolution,GMAIL.COM,,,--,0
Daniel,2023-08-07 20:12:32,Multichannel Thumbs,PUSH,CA,en-CA,en,Pokémon: Mewtwo Strikes Back - Evolution,GMAIL.COM,,,HXY_MP05,0
Daniel,2023-08-07 20:12:29,Multichannel Thumbs,NOTIFICATIONS,CA,,,Pokémon: Mewtwo Strikes Back - Evolution,GMAIL.COM,,,samsung_SM-S901W_chid_ccdd33a0-3926-11e9-8c73-9b498cd1a550,0
Daniel,2023-08-06 21:22:10,New Device Login,EMAIL,CA,en-CA,en,,GMAIL.COM,,,--,0
Daniel,2023-08-06 21:22:09,Tv Hd Upsell Interstitial,ALERTS,CA,,,,GMAIL.COM,,2023-08-07 23:17:27,Rogers_Arris-Xi6-5.1.1,1
Daniel,2023-07-30 20:56:21,Multichannel Continue Watching,PUSH,CA,en-CA,en,Floor Is Lava,GMAIL.COM,,,HXY_MP05,0
Daniel,2023-07-30 20:56:19,Multichannel Continue Watching,NOTIFICATIONS,CA,,,Floor Is Lava,GMAIL.COM,,,samsung_SM-S901W_chid_ccdd33a0-3926-11e9-8c73-9b498cd1a550,0
Daniel,2023-07-30 19:37:09,Multichannel Continue Watching,EMAIL,CA,en-CA,en,Floor Is Lava,GMAIL.COM,,,--,0
Daniel,2023-07-28 02:01:08,Multichannel Launch,NOTIFICATIONS,CA,,,The Witcher,GMAIL.COM,,,samsung_SM-S901W_chid_ccdd33a0-3926-11e9-8c73-9b498cd1a550,0
Daniel,2023-07-28 01:52:39,Multichannel Launch,PUSH,CA,en-CA,en,The Witcher,GMAIL.COM,,,HXY_MP05,0
Daniel,2023-07-27 22:20:22,Multichannel Launch,EMAIL,CA,en-CA,en,The Witcher,GMAIL.COM,,,--,0
Daniel,2023-07-26 22:49:34,Multichannel Prepromote,PUSH,CA,en-CA,en,"Miraculous: Ladybug & Cat Noir, The Movie",GMAIL.COM,,,HXY_MP05,0
Daniel,2023-07-26 22:49:33,Multichannel Prepromote,NOTIFICATIONS,CA,,,"Miraculous: Ladybug & Cat Noir, The Movie",GMAIL.COM,,,--,0
Daniel,2023-07-26 19:45:21,Multichannel Prepromote,EMAIL,CA,en-CA,en,"Miraculous: Ladybug & Cat Noir, The Movie",GMAIL.COM,,,--,0
Daniel,2023-07-24 21:56:47,New Device Login,EMAIL,CA,en-CA,en,,GMAIL.COM,,,--,0
Daniel,2023-07-20 20:14:06,Multichannel Continue Watching,NOTIFICATIONS,CA,,,Superstore,GMAIL.COM,,,--,0
Daniel,2023-07-20 20:13:09,Multichannel Continue Watching,EMAIL,CA,en-CA,en,Superstore,GMAIL.COM,,,--,0
Daniel,2023-07-17 01:47:18,Multichannel Launch,EMAIL,CA,en-CA,en,Bird Box Barcelona,GMAIL.COM,,,--,0
Daniel,2023-07-17 00:51:40,Multichannel Launch,NOTIFICATIONS,CA,,,Bird Box Barcelona,GMAIL.COM,,,--,0
Daniel,2023-07-16 23:40:19,Multichannel Content Leaving The Service,EMAIL,CA,en-CA,en,Jane The Virgin,GMAIL.COM,,,--,0
Daniel,2023-07-16 19:54:13,Multichannel Content Leaving The Service,NOTIFICATIONS,CA,,,,GMAIL.COM,,,--,0
Daniel,2023-07-15 23:32:34,Multichannel Prepromote,EMAIL,CA,en-CA,en,Unknown: Cave of Bones,GMAIL.COM,,,--,0
Daniel,2023-07-15 20:37:23,Multichannel Prepromote,NOTIFICATIONS,CA,,,Unknown: Cave of Bones,GMAIL.COM,,,--,0
Daniel,2023-07-13 22:24:37,Multichannel Prepromote,EMAIL,CA,en-CA,en,The Smurfs,GMAIL.COM,,,--,0
Daniel,2023-07-13 22:11:20,Multichannel Prepromote,NOTIFICATIONS,CA,,,The Smurfs,GMAIL.COM,,,--,0
Daniel,2023-07-07 04:04:09,New Device Login,EMAIL,CA,en-CA,en,,GMAIL.COM,,,--,0
Daniel,2023-06-13 01:52:15,Multichannel What To Watch,EMAIL,CA,en-CA,en,The Umbrella Academy,GMAIL.COM,,,--,0
Daniel,2023-06-13 00:14:49,Multichannel Top 10,EMAIL,CA,en-CA,en,Dune,GMAIL.COM,,,--,0
Daniel,2023-06-12 20:55:21,Multichannel Top 10,NOTIFICATIONS,CA,,,Dune,GMAIL.COM,,,--,0
Daniel,2023-06-12 19:22:09,Multichannel What To Watch,NOTIFICATIONS,CA,,,The Umbrella Academy,GMAIL.COM,,,--,0
Daniel,2023-06-09 02:40:07,New Device Login,EMAIL,CA,en-CA,en,,GMAIL.COM,,,--,0
Daniel,2023-06-09 02:35:17,New Device Login,EMAIL,CA,en-CA,en,,GMAIL.COM,,,--,0
Daniel,2023-05-18 20:49:49,EMAIL_NEW_ARRIVALS,EMAIL,CA,en,en,The Boss Baby: Family Business,GMAIL.COM,,,--,0
Daniel,2023-05-18 01:35:08,New Device Login,EMAIL,CA,en-CA,en,,GMAIL.COM,,,--,0
Daniel,2023-05-15 05:15:15,New Device Login,EMAIL,CA,en-CA,en,,GMAIL.COM,,,--,0
Daniel,2023-05-15 00:42:31,Multichannel Coming Soon,EMAIL,CA,en-CA,en,The Boss Baby: Family Business,GMAIL.COM,,,--,0
Daniel,2023-05-14 23:33:36,Multichannel Coming Soon,NOTIFICATIONS,CA,,,The Boss Baby: Family Business,GMAIL.COM,,,samsung_SM-S901W_chid_ccdd33a0-3926-11e9-8c73-9b498cd1a550,0
Daniel,2023-05-14 17:11:17,Kids Profile Awareness,EMAIL,CA,en-CA,en,,GMAIL.COM,,,--,0
Daniel,2023-05-12 05:12:17,Verify Phone Number Interstitial,ALERTS,,,,,GMAIL.COM,,,--,0
Daniel,2023-05-12 05:12:17,Confirmation On Phone Number Add,EMAIL,CA,en-CA,en,,GMAIL.COM,,,--,0
Daniel,2023-05-12 05:11:22,Signup Confirmation Netflix Mops,EMAIL,CA,en-CA,en,,GMAIL.COM,,,--,0
Kids,2023-06-09 22:46:38,Multichannel What To Watch,NOTIFICATIONS,CA,,,The Boss Baby,GMAIL.COM,,,--,0
Ana,2025-02-18 20:00:49,Multichannel Afterglow,NOTIFICATIONS,CA,,,100 Days My Prince,GMAIL.COM,,,--,0
Ana,2025-02-16 22:33:03,Multichannel Thumbs,NOTIFICATIONS,CA,,,100 Days My Prince,GMAIL.COM,,,--,0
Ana,2025-02-02 00:48:27,Multichannel Games Single New Arrival,NOTIFICATIONS,CA,,,,GMAIL.COM,,,--,0
Ana,2025-02-01 23:06:26,Multichannel Games Single New Arrival,PUSH,CA,en-CA,en,,GMAIL.COM,,,samsung_SM-S901W_chid_ccdd33a0-3926-11e9-8c73-9b498cd1a550,0
Ana,2025-01-26 21:05:32,Multichannel Coming Soon,PUSH,CA,en-CA,en,Yellowstone,GMAIL.COM,,,samsung_SM-S901W_chid_ccdd33a0-3926-11e9-8c73-9b498cd1a550,0
Ana,2025-01-26 21:05:30,Multichannel Coming Soon,NOTIFICATIONS,CA,,,Yellowstone,GMAIL.COM,,,--,0
Ana,2025-01-21 22:19:37,Multichannel Thumbs,PUSH,CA,en-CA,en,Beauty Inside,GMAIL.COM,,,samsung_SM-S901W_chid_ccdd33a0-3926-11e9-8c73-9b498cd1a550,0
Ana,2025-01-21 22:19:35,Multichannel Thumbs,NOTIFICATIONS,CA,,,Beauty Inside,GMAIL.COM,,,--,0
Ana,2025-01-10 20:53:12,Multichannel Prepromote,PUSH,CA,en-CA,en,The Pope's Exorcist,GMAIL.COM,,,samsung_SM-S901W_chid_ccdd33a0-3926-11e9-8c73-9b498cd1a550,0
Ana,2025-01-10 20:53:10,Multichannel Prepromote,NOTIFICATIONS,CA,,,The Pope's Exorcist,GMAIL.COM,,,--,0
Ana,2025-01-07 01:27:20,Multichannel Thumbs,NOTIFICATIONS,CA,,,Superstore,GMAIL.COM,,,--,0
Ana,2025-01-07 01:27:20,Multichannel Thumbs,PUSH,CA,en-CA,en,Superstore,GMAIL.COM,,,samsung_SM-S901W_chid_ccdd33a0-3926-11e9-8c73-9b498cd1a550,0
Ana,2025-01-04 21:25:12,Multichannel Thumbs,PUSH,CA,en-CA,en,Kill Me Love Me,GMAIL.COM,,,samsung_SM-S901W_chid_ccdd33a0-3926-11e9-8c73-9b498cd1a550,0
Ana,2025-01-04 21:25:10,Multichannel Thumbs,NOTIFICATIONS,CA,,,Kill Me Love Me,GMAIL.COM,,,--,0
Ana,2024-12-16 20:21:05,Multichannel Thumbs,PUSH,CA,en-CA,en,The Story of Pearl Girl,GMAIL.COM,,,samsung_SM-S901W,0
Ana,2024-12-16 20:21:03,Multichannel Thumbs,NOTIFICATIONS,CA,,,The Story of Pearl Girl,GMAIL.COM,,,--,0
Ana,2024-11-29 20:38:05,Multichannel Thumbs,PUSH,CA,en-CA,en,The Longest Promise,GMAIL.COM,,,samsung_SM-S901W_chid_ccdd33a0-3926-11e9-8c73-9b498cd1a550,0
Ana,2024-11-29 20:38:03,Multichannel Thumbs,NOTIFICATIONS,CA,,,The Longest Promise,GMAIL.COM,,,--,0
Ana,2024-11-12 22:11:24,Multichannel Top 10,PUSH,CA,en-CA,en,Meet Me Next Christmas,GMAIL.COM,,,samsung_SM-S901W,0
Ana,2024-11-12 22:11:23,Multichannel Top 10,NOTIFICATIONS,CA,,,Meet Me Next Christmas,GMAIL.COM,,,--,0
Ana,2024-02-02 23:32:20,Multichannel Launch,NOTIFICATIONS,CA,,,Alexander: The Making of a God,GMAIL.COM,,,--,0
Ana,2024-02-01 23:26:09,Multichannel Prepromote,NOTIFICATIONS,CA,,,The Last Wife,GMAIL.COM,,,--,0
Ana,2024-01-31 00:17:19,Multichannel Prepromote,NOTIFICATIONS,CA,,,Home Alone 2: Lost in New York,GMAIL.COM,,,--,0
Ana,2024-01-31 00:17:19,Multichannel Prepromote,PUSH,CA,en-CA,en,Home Alone 2: Lost in New York,GMAIL.COM,,,samsung_SM-S901W_chid_ccdd33a0-3926-11e9-8c73-9b498cd1a550,0
Ana,2024-01-29 00:01:18,Multichannel Launch,PUSH,CA,en-CA,en,Griselda,GMAIL.COM,,,samsung_SM-S901W_chid_ccdd33a0-3926-11e9-8c73-9b498cd1a550,0
Ana,2024-01-29 00:00:58,Multichannel Launch,NOTIFICATIONS,CA,,,Griselda,GMAIL.COM,,,--,0
Ana,2024-01-25 00:42:10,Multichannel Launch,NOTIFICATIONS,CA,,,The Favourite,GMAIL.COM,,,--,0
Ana,2024-01-24 01:08:09,Multichannel Launch,PUSH,CA,en-CA,en,The Hill,GMAIL.COM,,,samsung_SM-S901W_chid_ccdd33a0-3926-11e9-8c73-9b498cd1a550,0
Ana,2024-01-24 01:07:57,Multichannel Launch,NOTIFICATIONS,CA,,,The Hill,GMAIL.COM,,,--,0
Ana,2024-01-22 01:06:57,Multichannel Launch,PUSH,CA,en-CA,en,American Nightmare,GMAIL.COM,,,samsung_SM-S901W_chid_ccdd33a0-3926-11e9-8c73-9b498cd1a550,0
Ana,2024-01-22 01:06:45,Multichannel Launch,NOTIFICATIONS,CA,,,American Nightmare,GMAIL.COM,,,--,0
Ana,2024-01-19 01:47:46,Multichannel Prepromote,PUSH,CA,en-CA,en,Song of the South,GMAIL.COM,,,samsung_SM-S901W_chid_ccdd33a0-3926-11e9-8c73-9b498cd1a550,0
Ana,2024-01-19 01:47:46,Multichannel Prepromote,NOTIFICATIONS,CA,,,Song of the South,GMAIL.COM,,,--,0
Ana,2024-01-15 00:51:44,Multichannel Launch,PUSH,CA,en-CA,en,Kingdom 3: The Flame of Destiny,GMAIL.COM,,,samsung_SM-S901W_chid_ccdd33a0-3926-11e9-8c73-9b498cd1a550,0
Ana,2024-01-15 00:51:42,Multichannel Launch,NOTIFICATIONS,CA,,,Kingdom 3: The Flame of Destiny,GMAIL.COM,,,--,0
Ana,2024-01-13 20:42:14,Multichannel Launch,PUSH,CA,en-CA,en,Boy Swallows Universe,GMAIL.COM,,,samsung_SM-S901W_chid_ccdd33a0-3926-11e9-8c73-9b498cd1a550,0
Ana,2024-01-13 20:42:13,Multichannel Launch,NOTIFICATIONS,CA,,,Boy Swallows Universe,GMAIL.COM,,,--,0
Ana,2024-01-07 21:06:04,Multichannel Coming Soon,NOTIFICATIONS,CA,,,Sonic Prime,GMAIL.COM,,,--,0
Ana,2024-01-06 23:06:17,Multichannel Launch,PUSH,CA,en-CA,en,Fool Me Once,GMAIL.COM,,,samsung_SM-S901W_chid_ccdd33a0-3926-11e9-8c73-9b498cd1a550,0
Ana,2024-01-06 23:06:16,Multichannel Launch,NOTIFICATIONS,CA,,,Fool Me Once,GMAIL.COM,,,--,0
Ana,2024-01-01 00:29:23,Multichannel Launch,PUSH,CA,en-CA,en,Berlin,GMAIL.COM,,,samsung_SM-S901W_chid_ccdd33a0-3926-11e9-8c73-9b498cd1a550,0
Ana,2024-01-01 00:29:20,Multichannel Launch,NOTIFICATIONS,CA,,,Berlin,GMAIL.COM,,,--,0
Ana,2023-12-26 01:34:03,Multichannel Prepromote,NOTIFICATIONS,CA,,,A Very Good Girl,GMAIL.COM,,,--,0
Ana,2023-12-21 23:49:44,Launch Eventize Inapp,NOTIFICATIONS,CA,,,Rebel Moon — Part One: A Child of Fire,GMAIL.COM,,,--,0
Ana,2023-12-20 21:30:25,Multichannel Launch,PUSH,CA,en-CA,en,The Real Housewives of Beverly Hills,GMAIL.COM,,,samsung_SM-S901W_chid_ccdd33a0-3926-11e9-8c73-9b498cd1a550,0
Ana,2023-12-20 21:30:24,Multichannel Launch,NOTIFICATIONS,CA,,,The Real Housewives of Beverly Hills,GMAIL.COM,,,--,0
Ana,2023-12-20 02:53:47,Multichannel Prepromote,NOTIFICATIONS,CA,,,Rebel Moon — Part One: A Child of Fire,GMAIL.COM,,,--,0
Ana,2023-12-19 00:00:41,Multichannel Launch,PUSH,CA,en-CA,en,The Miracle Club,GMAIL.COM,,,samsung_SM-S901W_chid_ccdd33a0-3926-11e9-8c73-9b498cd1a550,0
Ana,2023-12-19 00:00:38,Multichannel Launch,NOTIFICATIONS,CA,,,The Miracle Club,GMAIL.COM,,,--,0
Ana,2023-12-18 01:00:31,Multichannel Prepromote,PUSH,CA,en-CA,en,The Real Housewives of Beverly Hills,GMAIL.COM,,,samsung_SM-S901W_chid_ccdd33a0-3926-11e9-8c73-9b498cd1a550,0
Ana,2023-12-18 01:00:28,Multichannel Prepromote,NOTIFICATIONS,CA,,,The Real Housewives of Beverly Hills,GMAIL.COM,,,--,0
Ana,2023-12-17 01:25:30,Multichannel Launch,PUSH,CA,en-CA,en,Yu Yu Hakusho,GMAIL.COM,,,samsung_SM-S901W_chid_ccdd33a0-3926-11e9-8c73-9b498cd1a550,0
Ana,2023-12-17 01:25:28,Multichannel Launch,NOTIFICATIONS,CA,,,Yu Yu Hakusho,GMAIL.COM,,,--,0
Ana,2023-12-11 01:32:51,Multichannel Prepromote,PUSH,CA,en-CA,en,Talk to Me,GMAIL.COM,,,samsung_SM-S901W_chid_ccdd33a0-3926-11e9-8c73-9b498cd1a550,0
Ana,2023-12-11 01:32:51,Multichannel Prepromote,NOTIFICATIONS,CA,,,Talk to Me,GMAIL.COM,,,--,0
Ana,2023-12-08 23:51:37,Multichannel Launch,PUSH,CA,en-CA,en,My Life With the Walter Boys,GMAIL.COM,,,samsung_SM-S901W_chid_ccdd33a0-3926-11e9-8c73-9b498cd1a550,0
Ana,2023-12-08 23:51:36,Multichannel Launch,NOTIFICATIONS,CA,,,My Life With the Walter Boys,GMAIL.COM,,,--,0
Ana,2023-12-03 22:48:49,Multichannel Prepromote,PUSH,CA,en-CA,en,Top Chef,GMAIL.COM,,,samsung_SM-S901W_chid_ccdd33a0-3926-11e9-8c73-9b498cd1a550,0
Ana,2023-12-03 22:48:47,Multichannel Prepromote,NOTIFICATIONS,CA,,,Top Chef,GMAIL.COM,,,--,0
Ana,2023-11-16 01:21:39,Multichannel Launch,PUSH,CA,en-CA,en,Criminal Code,GMAIL.COM,,,samsung_SM-S901W_chid_ccdd33a0-3926-11e9-8c73-9b498cd1a550,0
Ana,2023-11-16 01:21:35,Multichannel Launch,NOTIFICATIONS,CA,,,Criminal Code,GMAIL.COM,,,--,0
Ana,2023-11-11 00:09:15,Multichannel Prepromote,NOTIFICATIONS,CA,,,Persona: Sulli,GMAIL.COM,,,--,0
Ana,2023-11-06 22:11:17,Multichannel Launch,PUSH,CA,en-CA,en,Sly,GMAIL.COM,,,samsung_SM-S901W_chid_ccdd33a0-3926-11e9-8c73-9b498cd1a550,0
Ana,2023-11-06 22:11:15,Multichannel Launch,NOTIFICATIONS,CA,,,Sly,GMAIL.COM,,,--,0
Ana,2023-11-05 20:49:23,Multichannel Prepromote,PUSH,CA,en-CA,en,Chasing Liberty,GMAIL.COM,,,samsung_SM-S901W_chid_ccdd33a0-3926-11e9-8c73-9b498cd1a550,0
Ana,2023-11-05 20:49:20,Multichannel Prepromote,NOTIFICATIONS,CA,,,Chasing Liberty,GMAIL.COM,,,--,0
Ana,2023-11-04 22:55:21,Multichannel Launch,PUSH,CA,en-CA,en,All the Light We Cannot See,GMAIL.COM,,,samsung_SM-S901W_chid_ccdd33a0-3926-11e9-8c73-9b498cd1a550,0
Ana,2023-11-04 22:55:15,Multichannel Launch,NOTIFICATIONS,CA,,,All the Light We Cannot See,GMAIL.COM,,,--,0
Ana,2023-10-28 20:44:17,Multichannel Launch,PUSH,CA,en-CA,en,Venom: Let There Be Carnage,GMAIL.COM,,,samsung_SM-S901W_chid_ccdd33a0-3926-11e9-8c73-9b498cd1a550,0
Ana,2023-10-28 20:44:14,Multichannel Launch,NOTIFICATIONS,CA,,,Venom: Let There Be Carnage,GMAIL.COM,,,--,0
Ana,2023-10-26 22:32:12,Multichannel Launch,NOTIFICATIONS,CA,,,Life on Our Planet,GMAIL.COM,,,--,0
Ana,2023-10-23 22:53:28,Multichannel Coming Soon,PUSH,CA,en-CA,en,New Amsterdam,GMAIL.COM,,,samsung_SM-S901W_chid_ccdd33a0-3926-11e9-8c73-9b498cd1a550,0
Ana,2023-10-23 22:53:25,Multichannel Coming Soon,NOTIFICATIONS,CA,,,New Amsterdam,GMAIL.COM,,,--,0
Ana,2023-10-20 19:53:02,Multichannel Prepromote,PUSH,CA,en-CA,en,Venom: Let There Be Carnage,GMAIL.COM,,,samsung_SM-S901W_chid_ccdd33a0-3926-11e9-8c73-9b498cd1a550,0
Ana,2023-10-20 19:53:01,Multichannel Prepromote,NOTIFICATIONS,CA,,,Venom: Let There Be Carnage,GMAIL.COM,,,--,0
Ana,2023-10-15 19:14:39,Multichannel Prepromote,PUSH,CA,en-CA,en,I Woke Up A Vampire,GMAIL.COM,,,samsung_SM-S901W_chid_ccdd33a0-3926-11e9-8c73-9b498cd1a550,0
Ana,2023-10-15 19:14:38,Multichannel Prepromote,NOTIFICATIONS,CA,,,I Woke Up A Vampire,GMAIL.COM,,,--,0
Ana,2023-10-13 22:19:24,Multichannel Launch,PUSH,CA,en-CA,en,The Fall of the House of Usher,GMAIL.COM,,,samsung_SM-S901W_chid_ccdd33a0-3926-11e9-8c73-9b498cd1a550,0
Ana,2023-10-13 22:19:21,Multichannel Launch,NOTIFICATIONS,CA,,,The Fall of the House of Usher,GMAIL.COM,,,--,0
Ana,2023-10-12 23:44:37,Multichannel Launch,PUSH,CA,en-CA,en,LEGO Ninjago: Dragons Rising,GMAIL.COM,,,samsung_SM-S901W_chid_ccdd33a0-3926-11e9-8c73-9b498cd1a550,0
Ana,2023-10-12 23:44:35,Multichannel Launch,NOTIFICATIONS,CA,,,LEGO Ninjago: Dragons Rising,GMAIL.COM,,,--,0
Ana,2023-10-11 21:20:16,Multichannel Coming Soon,PUSH,CA,en-CA,en,The Fall of the House of Usher,GMAIL.COM,,,samsung_SM-S901W_chid_ccdd33a0-3926-11e9-8c73-9b498cd1a550,0
Ana,2023-10-11 21:20:14,Multichannel Coming Soon,NOTIFICATIONS,CA,,,The Fall of the House of Usher,GMAIL.COM,,,--,0
Ana,2023-10-01 20:11:31,Multichannel Continue Watching,PUSH,CA,en-CA,en,You Are So Not Invited to My Bat Mitzvah,GMAIL.COM,,,samsung_SM-S901W_chid_ccdd33a0-3926-11e9-8c73-9b498cd1a550,0
Ana,2023-10-01 20:11:30,Multichannel Continue Watching,NOTIFICATIONS,CA,,,You Are So Not Invited to My Bat Mitzvah,GMAIL.COM,,,--,0
Ana,2023-09-27 21:36:25,Multichannel Prepromote,PUSH,CA,en-CA,en,Nowhere,GMAIL.COM,,,samsung_SM-S901W_chid_ccdd33a0-3926-11e9-8c73-9b498cd1a550,0
Ana,2023-09-27 21:36:24,Multichannel Prepromote,NOTIFICATIONS,CA,,,Nowhere,GMAIL.COM,,,--,0
Ana,2023-09-26 20:03:13,Multichannel Coming Soon,PUSH,CA,en-CA,en,The 355,GMAIL.COM,,,samsung_SM-S901W_chid_ccdd33a0-3926-11e9-8c73-9b498cd1a550,0
Ana,2023-09-26 20:03:03,Multichannel Coming Soon,NOTIFICATIONS,CA,,,The 355,GMAIL.COM,,,--,0
Ana,2023-09-22 19:28:18,Multichannel Continue Watching,PUSH,CA,en-CA,en,The Witcher,GMAIL.COM,,,samsung_SM-S901W_chid_ccdd33a0-3926-11e9-8c73-9b498cd1a550,0
Ana,2023-09-22 19:27:47,Multichannel Continue Watching,NOTIFICATIONS,CA,,,The Witcher,GMAIL.COM,,,--,0
Ana,2023-09-20 21:51:12,Multichannel Launch,PUSH,CA,en-CA,en,Thursday's Widows,GMAIL.COM,,,samsung_SM-S901W_chid_ccdd33a0-3926-11e9-8c73-9b498cd1a550,0
Ana,2023-09-20 21:51:11,Multichannel Launch,NOTIFICATIONS,CA,,,Thursday's Widows,GMAIL.COM,,,--,0
Ana,2023-09-17 21:16:25,Multichannel Launch,PUSH,CA,en-CA,en,Insomnia,GMAIL.COM,,,samsung_SM-S901W_chid_ccdd33a0-3926-11e9-8c73-9b498cd1a550,0
Ana,2023-09-17 21:16:11,Multichannel Launch,NOTIFICATIONS,CA,,,Insomnia,GMAIL.COM,,,--,0
Ana,2023-09-14 22:51:33,Multichannel Prepromote,PUSH,CA,en-CA,en,Chhota Bheem Adventure of Persia,GMAIL.COM,,,samsung_SM-S901W_chid_ccdd33a0-3926-11e9-8c73-9b498cd1a550,0
Ana,2023-09-14 22:51:31,Multichannel Prepromote,NOTIFICATIONS,CA,,,Chhota Bheem Adventure of Persia,GMAIL.COM,,,--,0
Ana,2023-09-10 21:25:15,Multichannel Thumbs,PUSH,CA,en-CA,en,You Are So Not Invited to My Bat Mitzvah,GMAIL.COM,,,samsung_SM-S901W_chid_ccdd33a0-3926-11e9-8c73-9b498cd1a550,0
Ana,2023-09-10 21:25:13,Multichannel Thumbs,NOTIFICATIONS,CA,,,You Are So Not Invited to My Bat Mitzvah,GMAIL.COM,,,--,0
Ana,2023-09-08 20:17:22,Multichannel Launch,PUSH,CA,en-CA,en,Dear Child,GMAIL.COM,,,samsung_SM-S901W_chid_ccdd33a0-3926-11e9-8c73-9b498cd1a550,0
Ana,2023-09-08 20:17:20,Multichannel Launch,NOTIFICATIONS,CA,,,Dear Child,GMAIL.COM,,,--,0
Ana,2023-09-03 00:55:03,Multichannel Coming Soon,PUSH,CA,en-CA,en,Virgin River,GMAIL.COM,,,samsung_SM-S901W_chid_ccdd33a0-3926-11e9-8c73-9b498cd1a550,0
Ana,2023-09-03 00:50:01,Multichannel Coming Soon,NOTIFICATIONS,CA,,,Virgin River,GMAIL.COM,,,--,0
Ana,2023-09-01 20:15:42,Multichannel Launch,PUSH,CA,en-CA,en,ONE PIECE,GMAIL.COM,,,samsung_SM-S901W_chid_ccdd33a0-3926-11e9-8c73-9b498cd1a550,0
Ana,2023-09-01 20:15:11,Multichannel Launch,NOTIFICATIONS,CA,,,ONE PIECE,GMAIL.COM,,,--,0
Ana,2023-08-30 01:42:14,Multichannel Launch,PUSH,CA,en-CA,en,Who is Erin Carter?,GMAIL.COM,,,samsung_SM-S901W_chid_ccdd33a0-3926-11e9-8c73-9b498cd1a550,0
Ana,2023-08-30 01:42:12,Multichannel Launch,NOTIFICATIONS,CA,,,Who is Erin Carter?,GMAIL.COM,,,--,0
Ana,2023-08-25 23:52:16,Multichannel Coming Soon,PUSH,CA,en-CA,en,Young Sheldon,GMAIL.COM,,,samsung_SM-S901W_chid_ccdd33a0-3926-11e9-8c73-9b498cd1a550,0
Ana,2023-08-25 23:52:13,Multichannel Coming Soon,NOTIFICATIONS,CA,,,Young Sheldon,GMAIL.COM,,,--,0
Ana,2023-08-22 01:05:57,Multichannel Launch,PUSH,CA,en-CA,en,DEPP V HEARD,GMAIL.COM,,,samsung_SM-S901W_chid_ccdd33a0-3926-11e9-8c73-9b498cd1a550,0
Ana,2023-08-22 01:00:33,Multichannel Launch,NOTIFICATIONS,CA,,,DEPP V HEARD,GMAIL.COM,,,--,0
Ana,2023-08-18 19:19:29,Multichannel Coming Soon,PUSH,CA,en-CA,en,Ragnarok,GMAIL.COM,,,samsung_SM-S901W,0
Ana,2023-08-18 19:19:26,Multichannel Coming Soon,NOTIFICATIONS,CA,,,Ragnarok,GMAIL.COM,,,--,0
Ana,2023-08-17 23:04:42,Multichannel Prepromote,PUSH,CA,en-CA,en,To Catch a Killer,GMAIL.COM,,,samsung_SM-S901W,0
Ana,2023-08-17 22:59:38,Multichannel Prepromote,NOTIFICATIONS,CA,,,To Catch a Killer,GMAIL.COM,,,--,0
Ana,2023-08-13 22:20:01,Multichannel Prepromote,PUSH,CA,en-CA,en,Untold: Hall of Shame,GMAIL.COM,,,samsung_SM-S901W,0
Ana,2023-08-13 22:20:00,Multichannel Prepromote,NOTIFICATIONS,CA,,,Untold: Hall of Shame,GMAIL.COM,,,--,0
Ana,2023-08-12 22:24:45,Multichannel Prepromote,NOTIFICATIONS,CA,,,Yuddham Sharanam,GMAIL.COM,,,--,0
Ana,2023-08-09 21:08:10,Multichannel Coming Soon,PUSH,CA,en-CA,en,The Upshaws,GMAIL.COM,,,samsung_SM-S901W,0
Ana,2023-08-09 21:08:09,Multichannel Coming Soon,NOTIFICATIONS,CA,,,The Upshaws,GMAIL.COM,,,--,0
Ana,2023-08-06 21:51:30,Multichannel Continue Watching,PUSH,CA,en-CA,en,La Reina del Sur,GMAIL.COM,,,samsung_SM-S901W,0
Ana,2023-08-06 21:51:29,Multichannel Continue Watching,NOTIFICATIONS,CA,,,La Reina del Sur,GMAIL.COM,,,--,0
Ana,2023-08-01 22:42:03,Multichannel Top 10,PUSH,CA,en-CA,en,The Witcher,GMAIL.COM,,,samsung_SM-S901W,0
Ana,2023-08-01 22:42:01,Multichannel Top 10,NOTIFICATIONS,CA,,,The Witcher,GMAIL.COM,,,samsung_SM-S901W_chid_ccdd33a0-3926-11e9-8c73-9b498cd1a550,0
Ana,2023-07-30 23:19:12,Multichannel Continue Watching,NOTIFICATIONS,CA,,,La Reina del Sur,GMAIL.COM,,,samsung_SM-S901W_chid_ccdd33a0-3926-11e9-8c73-9b498cd1a550,0
Ana,2023-07-25 22:57:41,Multichannel Prepromote,PUSH,CA,en-CA,en,The Witcher,GMAIL.COM,,,samsung_SM-S901W,0
Ana,2023-07-25 22:57:39,Multichannel Prepromote,NOTIFICATIONS,CA,,,The Witcher,GMAIL.COM,,,--,0
Ana,2023-07-23 22:57:18,Multichannel Continue Watching,PUSH,CA,en-CA,en,La Reina del Sur,GMAIL.COM,,,samsung_SM-S901W,0
Ana,2023-07-23 22:57:14,Multichannel Continue Watching,NOTIFICATIONS,CA,,,La Reina del Sur,GMAIL.COM,,2023-07-30 02:43:58,samsung_SM-S901W,1
Ana,2023-07-15 22:19:31,Multichannel Continue Watching,PUSH,CA,en-CA,en,The Queen and the Conqueror,GMAIL.COM,,,samsung_SM-S901W,0
Ana,2023-07-15 22:19:29,Multichannel Continue Watching,NOTIFICATIONS,CA,,,The Queen and the Conqueror,GMAIL.COM,,,--,0
Ana,2023-07-11 20:25:10,PUSH_NEW_ARRIVALS,PUSH,CA,en,en,The Out-Laws,GMAIL.COM,,,samsung_SM-S901W,0
Ana,2023-07-11 09:34:21,Inapp New Arrivals,NOTIFICATIONS,CA,en-CA,,The Out-Laws,GMAIL.COM,,,--,0
Ana,2023-07-08 19:34:20,PUSH_NEW_ARRIVALS,PUSH,CA,en,en,Fatal Seduction,GMAIL.COM,,,samsung_SM-S901W,0
Ana,2023-07-08 09:03:16,Inapp New Arrivals,NOTIFICATIONS,CA,en-CA,,Fatal Seduction,GMAIL.COM,,,--,0
Ana,2023-07-07 19:38:28,PUSH_NEW_ARRIVALS,PUSH,CA,en,en,Dungeons & Dragons: Honor Among Thieves,GMAIL.COM,,,samsung_SM-S901W,0
Ana,2023-07-07 10:18:06,Inapp New Arrivals,NOTIFICATIONS,CA,en-CA,,Dungeons & Dragons: Honor Among Thieves,GMAIL.COM,,,--,0
Ana,2023-06-28 00:15:21,Multichannel What To Watch,PUSH,CA,en-CA,en,Extraction 2,GMAIL.COM,,,samsung_SM-S901W,0
Ana,2023-06-28 00:15:20,Multichannel What To Watch,NOTIFICATIONS,CA,,,Extraction 2,GMAIL.COM,,,--,0
Ana,2023-06-16 20:27:31,PUSH_NEW_ARRIVALS,PUSH,CA,en,en,Extraction 2,GMAIL.COM,,,samsung_SM-S901W,0
Ana,2023-06-15 01:51:42,Multichannel Prepromote,PUSH,CA,en-CA,en,Extraction 2,GMAIL.COM,,,samsung_SM-S901W,0
Ana,2023-06-15 01:51:39,Multichannel Prepromote,NOTIFICATIONS,CA,,,Extraction 2,GMAIL.COM,,,--,0
Ana,2023-06-11 20:43:27,Multichannel Continue Watching,PUSH,CA,en-CA,en,The Queen and the Conqueror,GMAIL.COM,,,samsung_SM-S901W,0
Ana,2023-06-11 20:43:24,Multichannel Continue Watching,NOTIFICATIONS,CA,,,The Queen and the Conqueror,GMAIL.COM,,,--,0
Ana,2023-06-07 19:35:07,PUSH_NEW_ARRIVALS,PUSH,CA,en,en,Arnold,GMAIL.COM,,,samsung_SM-S901W,0
Ana,2023-06-07 12:44:24,Inapp New Arrivals,NOTIFICATIONS,CA,en-CA,,Arnold,GMAIL.COM,,,--,0
Ana,2023-06-05 22:09:46,Multichannel Prepromote,PUSH,CA,en-CA,en,Arnold,GMAIL.COM,,,samsung_SM-S901W,0
Ana,2023-06-05 20:09:31,Multichannel Prepromote,NOTIFICATIONS,CA,,,Arnold,GMAIL.COM,,,--,0
Ana,2023-06-03 23:36:32,Multichannel Continue Watching,NOTIFICATIONS,CA,,,The Queen and the Conqueror,GMAIL.COM,,,--,0
Ana,2023-05-31 20:47:26,PUSH_NEW_ARRIVALS,PUSH,CA,en,en,Fake Profile,GMAIL.COM,,,samsung_SM-S901W,0
Ana,2023-05-31 12:23:57,Inapp New Arrivals,NOTIFICATIONS,CA,en-CA,,Fake Profile,GMAIL.COM,,,--,0
Ana,2023-05-30 01:54:40,Multichannel Prepromote,PUSH,CA,en-CA,en,Fake Profile,GMAIL.COM,,,samsung_SM-S901W,0
Ana,2023-05-30 01:54:36,Multichannel Prepromote,NOTIFICATIONS,CA,,,Fake Profile,GMAIL.COM,,,--,0
Ana,2023-05-29 00:37:18,Multichannel Prepromote,PUSH,CA,en-CA,en,Siren: Survive the Island,GMAIL.COM,,,samsung_SM-S901W,0
Ana,2023-05-29 00:37:16,Multichannel Prepromote,NOTIFICATIONS,CA,,,Siren: Survive the Island,GMAIL.COM,,,--,0
Ana,2023-05-26 20:59:26,Multichannel Continue Watching,PUSH,CA,en-CA,en,The Queen and the Conqueror,GMAIL.COM,,,samsung_SM-S901W,0
Ana,2023-05-26 20:59:22,Multichannel Continue Watching,NOTIFICATIONS,CA,,,The Queen and the Conqueror,GMAIL.COM,,,--,0
Ana,2023-05-25 20:53:21,PUSH_NEW_ARRIVALS,PUSH,CA,en,en,FUBAR,GMAIL.COM,,,samsung_SM-S901W,0
Ana,2023-05-25 16:36:56,Inapp New Arrivals,NOTIFICATIONS,CA,en-CA,,FUBAR,GMAIL.COM,,,--,0
Ana,2023-05-24 19:33:06,Multichannel Prepromote,PUSH,CA,en-CA,en,Tin & Tina,GMAIL.COM,,,samsung_SM-S901W,0
Ana,2023-05-24 19:33:04,Multichannel Prepromote,NOTIFICATIONS,CA,,,Tin & Tina,GMAIL.COM,,,--,0
Ana,2023-05-24 00:42:46,Multichannel Prepromote,PUSH,CA,en-CA,en,FUBAR,GMAIL.COM,,,samsung_SM-S901W,0
Ana,2023-05-24 00:42:32,Multichannel Prepromote,NOTIFICATIONS,CA,,,FUBAR,GMAIL.COM,,,--,0
Ana,2023-05-23 00:39:43,Multichannel Prepromote,PUSH,CA,en-CA,en,Mother's Day,GMAIL.COM,,,samsung_SM-S901W,0
Ana,2023-05-23 00:39:41,Multichannel Prepromote,NOTIFICATIONS,CA,,,Mother's Day,GMAIL.COM,,,--,0
Test,2025-03-30 23:48:25,Multichannel Launch,NOTIFICATIONS,CA,,,The Life List,GMAIL.COM,,,--,0
Test,2025-03-13 00:11:18,Launch Live Inapp,NOTIFICATIONS,CA,,,Everybody’s Live with John Mulaney,GMAIL.COM,,,--,0
Test,2025-03-10 22:22:18,Launch Live Inapp,NOTIFICATIONS,CA,,,Raw,GMAIL.COM,,,--,0
Test,2025-02-28 21:35:29,Multichannel Launch,NOTIFICATIONS,CA,,,Puss in Boots: The Last Wish,GMAIL.COM,,,--,0
Test,2025-02-28 01:58:03,Multichannel Launch,NOTIFICATIONS,CA,,,Running Point,GMAIL.COM,,,--,0
Test,2025-02-26 21:10:13,Multichannel Launch,NOTIFICATIONS,CA,,,The 31st Annual Screen Actors Guild Awards,GMAIL.COM,,,--,0
Test,2025-02-26 02:59:22,Multichannel Launch,NOTIFICATIONS,CA,,,Plane,GMAIL.COM,,,--,0
Test,2025-02-07 02:58:26,Multichannel Watch It Again,NOTIFICATIONS,CA,,,Kingsman: The Golden Circle,GMAIL.COM,,,--,0
Test,2025-02-01 22:34:33,Multichannel Games Single New Arrival,NOTIFICATIONS,CA,,,,GMAIL.COM,,,--,0
Test,2025-01-26 00:27:18,Multichannel Coming Soon,NOTIFICATIONS,CA,,,Yellowstone,GMAIL.COM,,,--,0
Test,2025-01-24 20:03:22,Multichannel Launch,NOTIFICATIONS,CA,,,The Trauma Code: Heroes on Call,GMAIL.COM,,,--,0
Test,2025-01-23 23:00:17,Multichannel Launch,NOTIFICATIONS,CA,,,Soju Rhapsody,GMAIL.COM,,,--,0
Test,2025-01-20 02:16:22,Multichannel Watch It Again,NOTIFICATIONS,CA,,,Princess Mononoke,GMAIL.COM,,,--,0
Test,2025-01-19 01:34:34,Multichannel Launch,NOTIFICATIONS,CA,,,Back in Action,GMAIL.COM,,,--,0
Test,2024-12-29 23:45:12,Multichannel Prepromote,NOTIFICATIONS,CA,,,Woman of the Hour,GMAIL.COM,,,--,0
Test,2024-12-16 23:32:36,Multichannel Top 10,NOTIFICATIONS,CA,,,No Good Deed,GMAIL.COM,,,--,0
Test,2024-11-16 21:34:19,Multichannel Games What To Play,NOTIFICATIONS,CA,,,,GMAIL.COM,,,--,0
Test,2024-11-16 02:23:26,Multichannel Launch,NOTIFICATIONS,CA,,,Cobra Kai,GMAIL.COM,,,--,0
Test,2024-10-08 19:44:20,Multichannel Games What To Play,NOTIFICATIONS,CA,,,,GMAIL.COM,,,--,0
Test,2024-10-07 00:18:33,Multichannel Content Leaving The Service,NOTIFICATIONS,CA,,,Angry Birds,GMAIL.COM,,,--,0
Test,2024-09-26 19:26:11,Multichannel Coming Soon,NOTIFICATIONS,CA,,,Harta Tahta Raisa,GMAIL.COM,,,--,0
Test,2024-08-20 23:55:16,Multichannel Prepromote,NOTIFICATIONS,CA,,,Hit Man,GMAIL.COM,,,--,0
Test,2024-08-20 01:07:25,Multichannel Launch,NOTIFICATIONS,CA,,,The Union,GMAIL.COM,,,--,0
Test,2024-08-19 01:24:21,Multichannel Launch,NOTIFICATIONS,CA,,,American Murder: Laci Peterson,GMAIL.COM,,,--,0
Test,2024-08-14 23:34:31,Multichannel Prepromote,NOTIFICATIONS,CA,,,The Union,GMAIL.COM,,,--,0
Test,2024-08-13 23:09:26,Multichannel Prepromote,NOTIFICATIONS,CA,,,Backyard Wilderness,GMAIL.COM,,,--,0
Test,2024-08-12 22:14:27,Multichannel Launch,NOTIFICATIONS,CA,,,Inside the Mind of a Dog,GMAIL.COM,,,--,0
Test,2024-08-08 21:53:23,Multichannel Prepromote,NOTIFICATIONS,CA,,,Romance in the House,GMAIL.COM,,,--,0
Test,2024-08-07 01:47:21,Multichannel Prepromote,NOTIFICATIONS,CA,,,Fuchsia Libre,GMAIL.COM,,,--,0
Test,2024-08-05 21:22:24,Multichannel Launch,NOTIFICATIONS,CA,,,Joe Rogan: Burn the Boats,GMAIL.COM,,,--,0
Test,2024-08-02 21:58:17,Multichannel Launch,NOTIFICATIONS,CA,,,Saving Bikini Bottom: The Sandy Cheeks Movie,GMAIL.COM,,,--,0
Test,2024-08-02 01:36:24,Multichannel Launch,NOTIFICATIONS,CA,,,A Good Girl's Guide to Murder,GMAIL.COM,,,--,0
Test,2024-07-30 20:28:32,Multichannel Launch,NOTIFICATIONS,CA,,,The King's Daughter,GMAIL.COM,,,--,0
Test,2024-07-27 21:26:41,Multichannel Launch,NOTIFICATIONS,CA,,,Dirty Pop: The Boy Band Scam,GMAIL.COM,,,--,0
Test,2024-07-26 23:24:22,Multichannel Launch,NOTIFICATIONS,CA,,,Mummies,GMAIL.COM,,,--,0
Test,2024-07-25 23:46:28,Multichannel Launch,NOTIFICATIONS,CA,,,Transformers: Rise of the Beasts,GMAIL.COM,,,--,0
Test,2024-07-24 20:34:25,Multichannel Games New Arrivals,NOTIFICATIONS,CA,,,,GMAIL.COM,,,--,0
Test,2024-07-14 00:20:29,Multichannel Watch It Again,NOTIFICATIONS,CA,,,Princess Mononoke,GMAIL.COM,,,--,0
Test,2024-07-02 20:21:14,Multichannel Games Single New Arrival,NOTIFICATIONS,CA,,,,GMAIL.COM,,,--,0
Test,2024-05-21 20:53:29,Multichannel Games What To Play,NOTIFICATIONS,CA,,,,GMAIL.COM,,,--,0
Test,2024-05-05 00:50:23,Launch Live Inapp,NOTIFICATIONS,CA,,,Katt Williams: Woke Foke,GMAIL.COM,,,--,0
Test,2024-05-02 23:48:43,Multichannel Launch,NOTIFICATIONS,CA,,,Jujutsu Kaisen,GMAIL.COM,,,--,0
Test,2024-04-12 19:00:20,Multichannel Watch It Again,NOTIFICATIONS,CA,,,Parasite,GMAIL.COM,,,--,0
Test,2024-03-19 01:37:33,Multichannel Launch,NOTIFICATIONS,CA,,,Ford v. Ferrari,GMAIL.COM,,,--,0
Test,2024-03-11 23:34:27,Multichannel What To Watch,NOTIFICATIONS,CA,,,The Devil Wears Prada,GMAIL.COM,,,--,0
Test,2024-02-28 22:44:01,Multichannel Watch It Again,NOTIFICATIONS,CA,,,Parasite,GMAIL.COM,,,--,0
Test,2024-02-28 21:23:23,Multichannel Prepromote,NOTIFICATIONS,CA,,,Spaceman,GMAIL.COM,,,--,0
Test,2024-02-24 20:28:18,Multichannel Top 10,NOTIFICATIONS,CA,,,The Abyss,GMAIL.COM,,,--,0
Test,2024-02-02 02:57:04,Multichannel Prepromote,NOTIFICATIONS,CA,,,Black,GMAIL.COM,,,--,0
Test,2024-01-19 02:15:29,Multichannel Watch It Again,NOTIFICATIONS,CA,,,Parasite,GMAIL.COM,,,--,0
Test,2023-12-16 20:43:13,Multichannel Coming Soon,NOTIFICATIONS,CA,,,Sing 2,GMAIL.COM,,,--,0
Test,2023-12-08 00:44:23,Multichannel Coming Soon,NOTIFICATIONS,CA,,,World War II: From the Frontlines,GMAIL.COM,,,--,0
Test,2023-12-06 22:29:03,Multichannel Launch,NOTIFICATIONS,CA,,,Obliterated,GMAIL.COM,,,--,0
Test,2023-12-05 20:44:04,Multichannel Launch,NOTIFICATIONS,CA,,,Elvis,GMAIL.COM,,,--,0
Test,2023-12-04 22:50:25,Multichannel Launch,NOTIFICATIONS,CA,,,Family Switch,GMAIL.COM,,,--,0
Test,2023-12-04 00:21:33,Multichannel Prepromote,NOTIFICATIONS,CA,,,Top Chef,GMAIL.COM,,,--,0
Test,2023-11-23 22:25:17,Multichannel Watch It Again,NOTIFICATIONS,CA,,,Parasite,GMAIL.COM,,,--,0
Test,2023-10-26 20:35:23,Multichannel Prepromote,NOTIFICATIONS,CA,,,Castaway Diva,GMAIL.COM,,,--,0
Test,2023-10-24 21:09:06,Multichannel Watch It Again,NOTIFICATIONS,CA,,,Princess Mononoke,GMAIL.COM,,,--,0
Test,2023-10-20 20:01:44,Multichannel Prepromote,NOTIFICATIONS,CA,,,Venom: Let There Be Carnage,GMAIL.COM,,,--,0
Test,2023-09-09 01:38:21,Multichannel Prepromote,NOTIFICATIONS,CA,,,A Nation of Kimchi,GMAIL.COM,,,--,0
Test,2023-09-03 19:56:26,Multichannel Coming Soon,NOTIFICATIONS,CA,,,Predators,GMAIL.COM,,,--,0
Test,2023-09-03 01:36:25,Multichannel Launch,NOTIFICATIONS,CA,,,ONE PIECE,GMAIL.COM,,,--,0
Test,2023-08-24 20:25:01,Multichannel Launch,NOTIFICATIONS,CA,,,Mask Girl,GMAIL.COM,,,--,0
Test,2023-06-08 23:48:23,Multichannel Prepromote,NOTIFICATIONS,CA,,,Dune,GMAIL.COM,,,--,0
Test,2023-06-07 20:56:08,Multichannel Prepromote,NOTIFICATIONS,CA,,,Bloodhounds,GMAIL.COM,,,--,0
