Profile Name,Country Iso Code,Device,Is Kids,Query Typed,Displayed Name,Action,Section,Utc Timestamp
Daniel,CA,Android Phone,0,kung,Back to the Outback,select,title_results,2025-03-25 23:45:18
Daniel,CA,Android Phone,0,kung,Kung Fu Panda,download,title_results,2025-03-25 23:45:07
Daniel,CA,Android Phone,0,kung,Kung Fu Panda,select,title_results,2025-03-25 23:45:05
Daniel,CA,Android Phone,0,puss in boots,Puss in Boots: The Last Wish,add,title_results,2025-03-02 01:15:04
Daniel,CA,Android Phone,0,puss in boots,Puss in Boots: The Last Wish,select,title_results,2025-03-02 01:15:02
Daniel,CA,Android Phone,0,blue,,play,title_results,2025-02-07 06:44:44
Daniel,CA,Android Phone,0,blue,,select,title_results,2025-02-07 06:44:37
Daniel,CA,Android Phone,0,,"The Seven Deadly Sins: ""The Heroes""",download,prequery_results,2025-02-02 05:04:43
Daniel,CA,Android Phone,0,,"The Seven Deadly Sins: ""Despair Descends""",download,prequery_results,2025-02-02 05:04:42
Daniel,CA,Android Phone,0,,,select,prequery_results,2025-02-02 05:04:25
Daniel,CA,Android Phone,0,,The Lego Movie,select,prequery_results,2025-02-02 05:04:23
Daniel,CA,Android Phone,0,,,select,prequery_results,2025-02-02 05:03:58
Daniel,CA,Android Phone,0,fullmetal,Princess Mononoke,play,title_results,2025-01-24 17:15:01
Daniel,CA,Android Phone,0,fullmetal,Princess Mononoke,select,title_results,2025-01-24 17:14:57
Daniel,CA,Android Phone,0,fullmetal,,select,title_results,2025-01-24 17:14:49
Daniel,CA,Android Phone,0,fullmetal,,select,title_results,2025-01-24 17:14:43
Daniel,CA,Android Phone,0,fullmetal,Princess Mononoke,select,title_results,2025-01-24 17:14:33
Daniel,CA,Android Phone,0,fullmetal,"Fullmetal Alchemist: Brotherhood: Part 1: ""The First Day""",download,title_results,2025-01-24 17:14:25
Daniel,CA,Android Phone,0,fullmetal,"Fullmetal Alchemist: Brotherhood: Part 1: ""Fullmetal Alchemist""",download,title_results,2025-01-24 17:14:24
Daniel,CA,Android Phone,0,fullmetal,,select,title_results,2025-01-24 17:11:08
Daniel,CA,Android Phone,0,comedy,White Chicks,play,title_results,2025-01-24 05:29:34
Daniel,CA,Android Phone,0,comedy,White Chicks,play,title_results,2025-01-24 05:29:26
Daniel,CA,Android Phone,0,comedy,White Chicks,select,title_results,2025-01-24 05:29:22
Daniel,CA,Android Phone,0,,Virgin River (Christmas Edition) - Netflix Stories (Mobile Game),select,prequery_results,2025-01-24 05:29:11
Daniel,CA,Android Phone,0,a4cher,,play,title_results,2025-01-21 06:45:09
Daniel,CA,Android Phone,0,a4cher,,play,title_results,2025-01-21 06:44:42
Daniel,CA,Android Phone,0,a4cher,,select,title_results,2025-01-21 06:44:27
Daniel,CA,Android Phone,0,paradise hell,,select,title_results,2024-12-26 02:33:58
Daniel,CA,Android Phone,0,cloudy,Cloudy with a Chance of Meatballs,select,title_results,2024-12-17 02:18:27
Daniel,CA,Android Phone,0,cloudy,Dr. Seuss' The Grinch,select,title_results,2024-12-17 02:18:00
Daniel,CA,Android Phone,0,catching,The Hunger Games: Catching Fire,select,title_results,2024-11-06 01:54:34
Daniel,CA,Android Phone,0,,,select,prequery_results,2024-10-27 00:21:49
Daniel,CA,Android Phone,0,naruto,,play,title_results,2024-10-21 18:00:34
Daniel,CA,Android Phone,0,naruto,,play,title_results,2024-10-21 17:51:16
Daniel,CA,Android Phone,0,naruto,,play,title_results,2024-10-21 17:28:16
Daniel,CA,Android Phone,0,naruto,,play,title_results,2024-10-21 17:27:45
Daniel,CA,Android Phone,0,naruto,,play,title_results,2024-10-21 17:06:52
Daniel,CA,Android Phone,0,naruto,,play,title_results,2024-10-21 16:53:42
Daniel,CA,Android Phone,0,naruto,,play,title_results,2024-10-21 16:29:38
Daniel,CA,Android Phone,0,naruto,,play,title_results,2024-10-21 15:01:27
Daniel,CA,Android Phone,0,naruto,,select,title_results,2024-10-21 15:00:59
Daniel,CA,Android Phone,0,,Wasp Network,select,prequery_results,2024-10-05 02:25:28
Daniel,CA,Android Phone,0,saiki,,select,title_results,2024-10-05 02:24:31
Daniel,CA,Android Phone,0,scrubs,,play,title_results,2024-06-26 22:31:14
Daniel,CA,Android Phone,0,scrubs,,select,title_results,2024-06-26 22:10:50
Daniel,CA,Android Phone,0,angry birds,Cloudy with a Chance of Meatballs,play,title_results,2024-06-11 22:47:50
Daniel,CA,Android Phone,0,angry birds,Cloudy with a Chance of Meatballs,select,title_results,2024-06-11 18:49:35
Daniel,CA,Android Phone,0,angry birds,The Angry Birds Movie 2,play,title_results,2024-06-11 18:12:18
Daniel,CA,Android Phone,0,angry birds,The Angry Birds Movie 2,select,title_results,2024-06-11 18:12:12
Daniel,CA,Android Phone,0,pljto,,select,title_results,2024-05-26 16:36:34
Daniel,CA,Android Phone,0,neon ,,play,title_results,2024-05-24 21:05:13
Daniel,CA,Android Phone,0,neon ,,select,title_results,2024-05-24 21:05:00
Daniel,CA,Android Phone,0,gilmore,,play,title_results,2024-05-24 12:17:40
Daniel,CA,Android Phone,0,gilmore,,select,title_results,2024-05-24 12:17:11
Daniel,CA,MVPD STB,0,pl,,play,title_results,2024-05-19 15:45:03
Daniel,CA,MVPD STB,0,pl,,select,title_results,2024-05-19 15:44:59
Daniel,CA,Android Phone,0,pluto,,select,title_results,2024-05-18 16:14:09
Daniel,CA,Android Phone,0,seven deadly sins,,select,title_results,2024-05-15 13:28:10
Daniel,CA,Android Phone,0,baby driver ,Baby Driver,play,title_results,2024-05-12 03:42:14
Daniel,CA,Android Phone,0,baby driver ,Baby Driver,select,title_results,2024-05-12 03:42:11
Daniel,CA,Android Phone,0,,,play,prequery_results,2024-05-02 05:19:17
Daniel,CA,Android Phone,0,,,select,prequery_results,2024-05-02 05:19:12
Daniel,CA,Android Phone,0,,Scary Movie,select,prequery_results,2024-05-02 05:19:09
Daniel,CA,Android Phone,0,spirit,Ballerina,play,title_results,2024-04-21 02:01:39
Daniel,CA,Android Phone,0,spirit,Ballerina,select,title_results,2024-04-21 02:01:36
Daniel,CA,Android Phone,0,spirit,A Whisker Away,select,title_results,2024-04-21 02:01:19
Daniel,CA,Android Phone,0,spirit,Spirited Away,select,title_results,2024-04-21 02:01:15
Daniel,CA,Android Phone,0,spirit,The Sea Beast,select,title_results,2024-04-21 02:01:01
Daniel,CA,Android Phone,0,spirit,Princess Mononoke,select,title_results,2024-04-21 02:00:56
Daniel,CA,Android Phone,0,spirit,Spirit Untamed,select,title_results,2024-04-21 02:00:13
Daniel,CA,Android Phone,0,spirit,,select,title_results,2024-04-21 02:00:11
Daniel,CA,Android Phone,0,dungeon,The Invention of Lying,select,title_results,2024-04-21 01:59:45
Daniel,CA,Android Phone,0,dungeon,Child of Kamiari Month,select,title_results,2024-04-21 01:59:20
Daniel,CA,Android Phone,0,dungeon,,select,title_results,2024-04-21 01:59:06
Daniel,CA,Android Phone,0,dungeon,,select,title_results,2024-04-21 01:58:29
Daniel,CA,Android Phone,0,dungeon,,select,title_results,2024-04-21 01:58:18
Daniel,CA,Android Phone,0,dungeon,,select,title_results,2024-04-21 01:57:48
Daniel,CA,Android Phone,0,david atten,David Attenborough: A Life on Our Planet,play,title_results,2024-04-06 04:52:51
Daniel,CA,Android Phone,0,david atten,David Attenborough: A Life on Our Planet,select,title_results,2024-04-06 04:52:46
Daniel,CA,Android Phone,0,comedy animated,Hotel Transylvania,select,title_results,2024-04-03 20:39:22
Daniel,CA,HTML 5,0,spyx,,play,title_results,2024-03-31 21:32:43
Daniel,CA,Android Phone,0,trolls,Shrek,play,title_results,2024-03-28 16:46:00
Daniel,CA,Android Phone,0,trolls,Shrek,select,title_results,2024-03-28 16:45:57
Daniel,CA,Android Phone,0,trolls,Leo,select,title_results,2024-03-28 16:45:44
Daniel,CA,Android Phone,0,trolls,Trolls,play,title_results,2024-03-28 15:58:55
Daniel,CA,Android Phone,0,trolls,Trolls,select,title_results,2024-03-28 15:58:52
Daniel,CA,Android Phone,0,super,,select,title_results,2024-03-27 06:50:29
Daniel,CA,Android Phone,0,donghua,,select,title_results,2024-03-27 06:50:16
Daniel,CA,Android Phone,0,donghua,,select,title_results,2024-03-27 06:50:04
Daniel,CA,Android Phone,0,donghua,,select,title_results,2024-03-27 06:49:55
Daniel,CA,Android Phone,0,donghua,,select,title_results,2024-03-27 06:49:21
Daniel,CA,Android Phone,0,,Despicable Me 3,select,prequery_results,2024-03-27 06:49:11
Daniel,CA,Android Phone,0,saiki,,select,title_results,2024-03-27 06:48:35
Daniel,CA,Android Phone,0,saiki,"The Disastrous Life of Saiki K.: Season 1: ""Episode 17""",play,title_results,2024-03-27 06:25:37
Daniel,CA,Android Phone,0,saiki,,select,title_results,2024-03-27 06:25:23
Daniel,CA,Android Phone,0,anime,"Haikyu!!: ""Coaches""",play,title_results,2024-03-26 00:24:10
Daniel,CA,Android Phone,0,anime,"Haikyu!!: ""Guarding Your Back""",play,title_results,2024-03-26 00:13:22
Daniel,CA,Android Phone,0,anime,"Haikyu!!: ""An Interesting Team""",play,title_results,2024-03-25 23:54:09
Daniel,CA,Android Phone,0,anime,,select,title_results,2024-03-25 23:53:50
Daniel,CA,Android Phone,0,anime,,select,title_results,2024-03-25 23:53:45
Daniel,CA,Android Phone,0,anime,,select,title_results,2024-03-25 23:53:34
Daniel,CA,Android Phone,0,young and hungry,,select,title_results,2024-03-25 23:53:01
Daniel,CA,Android Phone,0,young and hungry,Look Both Ways,select,title_results,2024-03-25 23:52:40
Daniel,CA,Android Phone,0,jump street,22 Jump Street,play,title_results,2024-03-25 01:51:14
Daniel,CA,Android Phone,0,jump street,22 Jump Street,select,title_results,2024-03-25 01:51:11
Daniel,CA,HTML 5,0,disenchantment,,play,title_results,2024-03-20 19:47:11
Daniel,CA,Android Phone,0,curious george,,select,title_results,2024-03-17 03:43:11
Daniel,CA,Android Phone,0,curious george,,select,title_results,2024-03-17 03:43:08
Daniel,CA,HTML 5,0,seven deadly sins,,play,title_results,2024-03-10 20:03:54
Daniel,CA,HTML 5,0,american pie,American Pie,play,title_results,2024-03-09 02:03:37
Daniel,CA,HTML 5,0,american pie,American Pie,play,title_results,2024-03-09 00:13:03
Daniel,CA,Android Phone,0,american pie,The Package,select,title_results,2024-03-08 23:02:15
Daniel,CA,Android Phone,0,american pie,The Girl Next Door,select,title_results,2024-03-08 23:02:04
Daniel,CA,Android Phone,0,american pie,American Pie,select,title_results,2024-03-08 23:01:56
Daniel,CA,Android Phone,0,barbie,Over the Moon,select,title_results,2024-03-08 05:23:53
Daniel,CA,HTML 5,0,seven deadly sins,"One-Punch Man: Season 1: ""The Lone Cyborg""",play,title_results,2024-03-08 04:03:45
Daniel,CA,HTML 5,0,seven deadly sins,"The Disastrous Life of Saiki K.: Season 1: ""Episode 1""",play,title_results,2024-03-08 03:59:17
Daniel,CA,HTML 5,0,seven deadly sins,,play,title_results,2024-03-08 03:58:50
Daniel,CA,HTML 5,0,seven deadly sins,"The Seven Deadly Sins: ""The Poem of Beginnings""",play,title_results,2024-03-08 03:36:15
Daniel,CA,Android Phone,0,erased,9,select,title_results,2024-03-03 22:45:03
Daniel,CA,Android Phone,0,erased,,select,title_results,2024-03-03 22:44:47
Daniel,CA,Android Phone,0,,It,select,prequery_results,2024-03-03 04:39:29
Daniel,CA,Android Phone,0,,It,select,prequery_results,2024-03-03 04:39:18
Daniel,CA,Android Phone,0,bakugaun,,select,title_results,2024-03-03 04:38:02
Daniel,CA,Android Phone,0,erased ,,select,title_results,2024-03-01 01:52:39
Daniel,CA,Android Phone,0,erased ,,select,title_results,2024-03-01 01:52:08
Daniel,CA,Android Phone,0,the last of us,,select,title_results,2024-02-23 17:16:55
Daniel,CA,Android Phone,0,the last of us,I Think We're Alone Now,select,title_results,2024-02-23 17:16:51
Daniel,CA,Android Phone,0,the last of us,,select,title_results,2024-02-23 17:16:45
Daniel,CA,Android Phone,0,dungeon,,select,title_results,2024-02-23 17:15:29
Daniel,CA,Android Phone,0,dungeon,,select,title_results,2024-02-23 17:15:20
Daniel,CA,Android Phone,0,dungeon,Dungeons & Dragons: Honor Among Thieves,select,title_results,2024-02-23 17:15:14
Daniel,CA,Android Phone,0,dungeon,,select,title_results,2024-02-23 17:15:06
Daniel,CA,Android Phone,0,dungeon,"Delicious in Dungeon: Season 1: ""Episode 8: Raspberries/Grilled Meat""",play,title_results,2024-02-23 16:54:20
Daniel,CA,Android Phone,0,dungeon,,select,title_results,2024-02-23 16:54:18
Daniel,CA,HTML 5,0,grey,,play,title_results,2024-02-21 01:57:52
Daniel,CA,HTML 5,0,riverdale,,play,title_results,2024-02-21 01:56:20
Daniel,CA,HTML 5,0,grey,,play,title_results,2024-02-21 01:55:46
Daniel,CA,Android Phone,0,curse of ed,The Seven Deadly Sins: Grudge of Edinburgh Part 2,select,title_results,2024-02-19 21:34:09
Daniel,CA,Android Phone,0,grudge,The Seven Deadly Sins: Grudge of Edinburgh Part 1,play,title_results,2024-02-19 21:08:25
Daniel,CA,Android Phone,0,grudge,The Seven Deadly Sins: Grudge of Edinburgh Part 1,select,title_results,2024-02-19 21:08:21
Daniel,CA,Android Phone,0,grudge ,The Seven Deadly Sins: Grudge of Edinburgh Part 1,play,title_results,2024-02-19 20:38:56
Daniel,CA,Android Phone,0,grudge ,The Seven Deadly Sins: Grudge of Edinburgh Part 1,select,title_results,2024-02-19 20:38:53
Daniel,CA,Android Phone,0,seven ,"The Seven Deadly Sins: ""The Courage Charm""",play,title_results,2024-02-10 04:53:02
Daniel,CA,Android Phone,0,seven ,,select,title_results,2024-02-10 04:52:45
Daniel,CA,Android Phone,0,how to train in,How to Train Your Dragon,select,title_results,2024-02-01 19:59:17
Daniel,CA,Android Phone,0,dragon how to ,How to Train Your Dragon,play,title_results,2024-01-30 19:24:10
Daniel,CA,Android Phone,0,dragon how to ,How to Train Your Dragon,select,title_results,2024-01-30 19:24:08
Daniel,CA,Android Phone,0,dun,Fantastic Beasts: The Secrets of Dumbledore,play,title_results,2024-01-25 01:35:38
Daniel,CA,Android Phone,0,dun,Fantastic Beasts: The Secrets of Dumbledore,select,title_results,2024-01-25 01:35:29
Daniel,CA,Android Phone,0,dun,,select,title_results,2024-01-25 01:35:04
Daniel,CA,Android Phone,0,wolf,The Wolf of Wall Street,play,title_results,2024-01-12 22:00:11
Daniel,CA,Android Phone,0,wolf,The Wolf of Wall Street,select,title_results,2024-01-12 22:00:04
Daniel,CA,Android Phone,0,white gi,Lie with Me,play,title_results,2024-01-12 21:41:48
Daniel,CA,Android Phone,0,white gi,Lie with Me,play,title_results,2024-01-12 21:35:20
Daniel,CA,Android Phone,0,white gi,Lie with Me,play,title_results,2024-01-12 21:34:59
Daniel,CA,Android Phone,0,white gi,Lie with Me,select,title_results,2024-01-12 21:34:57
Daniel,CA,Android Phone,0,white gi,White Girl,select,title_results,2024-01-12 21:34:43
Daniel,CA,Android Phone,0,white gi,Lie with Me,select,title_results,2024-01-12 21:34:34
Daniel,CA,Android Phone,0,white gi,White Chicks,select,title_results,2024-01-12 19:12:46
Daniel,CA,Android Phone,0,white ,White Chicks,select,title_results,2024-01-12 09:38:46
Daniel,CA,Android Phone,0,scary movie,American Pie,select,title_results,2024-01-10 02:59:50
Daniel,CA,Android Phone,0,white chicks ,White Chicks,play,title_results,2024-01-09 23:42:49
Daniel,CA,Android Phone,0,white chicks ,White Chicks,play,title_results,2024-01-09 23:24:39
Daniel,CA,Android Phone,0,white chicks ,White Chicks,play,title_results,2024-01-09 22:50:38
Daniel,CA,Android Phone,0,white chicks ,White Chicks,select,title_results,2024-01-09 22:50:36
Daniel,CA,Android Phone,0,the dragon prince ,White Chicks,play,title_results,2024-01-07 19:06:14
Daniel,CA,Android Phone,0,the dragon prince ,White Chicks,select,title_results,2024-01-07 19:06:07
Daniel,CA,Android Phone,0,the dragon prince ,,select,title_results,2024-01-07 18:59:42
Daniel,CA,Android Phone,0,the dragon prince ,,select,title_results,2024-01-07 18:59:22
Daniel,CA,Android Phone,0,shrek,Shrek,select,title_results,2024-01-04 07:55:03
Daniel,CA,Android Phone,0,america horror sto,,select,title_results,2024-01-03 22:38:49
Daniel,CA,Android Phone,0,america horror ,American Murder: The Family Next Door,select,title_results,2024-01-03 22:14:28
Daniel,CA,Android Phone,0,seven deadly sins,"The Seven Deadly Sins: ""What I Can Do For You""",play,title_results,2024-01-03 07:18:20
Daniel,CA,Android Phone,0,seven deadly sins,,select,title_results,2024-01-03 07:18:18
Daniel,CA,Android Phone,0,saiki,,select,title_results,2024-01-03 07:17:49
Daniel,CA,Android Phone,0,saiki,,select,title_results,2024-01-03 07:17:32
Daniel,CA,Android Phone,0,saiki,,select,title_results,2024-01-03 07:17:01
Daniel,CA,Android Phone,0,spirited ,Spirited Away,play,title_results,2024-01-01 17:56:49
Daniel,CA,Android Phone,0,spirited ,Spirited Away,select,title_results,2024-01-01 17:56:47
Daniel,CA,Android Phone,0,one piece,,select,title_results,2024-01-01 01:31:11
Daniel,CA,Android Phone,0,one piece,,select,title_results,2024-01-01 01:31:08
Daniel,CA,Android Phone,0,,"Disenchantment: Part 5: ""Darkness Falls""",play,prequery_results,2023-12-29 17:22:51
Daniel,CA,Android Phone,0,,"Disenchantment: Part 5: ""Goodbye Bean""",play,prequery_results,2023-12-29 17:22:02
Daniel,CA,Android Phone,0,,,select,prequery_results,2023-12-29 17:22:00
Daniel,CA,Android Phone,0,,,select,prequery_results,2023-12-29 17:21:56
Daniel,CA,Android Phone,0,,Castle in the Sky,select,prequery_results,2023-12-29 17:21:41
Daniel,CA,HTML 5,0,spirited,Spirited Away,play,title_results,2023-12-24 03:05:15
Daniel,CA,Android Phone,0,,"Justice League: Season 1: ""Secret Origins: Part 1""",play,prequery_results,2023-12-19 16:11:08
Daniel,CA,Android Phone,0,,"Justice League: Season 1: ""Secret Origins: Part 3""",play,prequery_results,2023-12-19 09:38:04
Daniel,CA,Android Phone,0,,,select,prequery_results,2023-12-19 09:37:55
Daniel,CA,Android Phone,0,,"Disenchantment: Part 3: ""Subterranean Homesick Blues""",play,prequery_results,2023-12-19 09:21:23
Daniel,CA,Android Phone,0,,,select,prequery_results,2023-12-19 09:13:16
Daniel,CA,Android Phone,0,,"Justice League: Season 2: ""A Better World: Part 1""",play,prequery_results,2023-12-13 04:50:45
Daniel,CA,Android Phone,0,,"Justice League: Season 2: ""A Better World: Part 1""",play,prequery_results,2023-12-13 04:36:57
Daniel,CA,Android Phone,0,,,select,prequery_results,2023-12-13 04:36:54
Daniel,CA,Android Phone,0,,"Justice League: Season 2: ""A Better World: Part 1""",play,prequery_results,2023-12-13 04:28:50
Daniel,CA,Android Phone,0,,,select,prequery_results,2023-12-13 04:18:34
Daniel,CA,Android Phone,0,,,select,prequery_results,2023-12-13 04:12:28
Daniel,CA,Android Phone,0,disench,"Disenchantment: Part 1: ""Dreamland Falls""",play,title_results,2023-12-10 17:56:24
Daniel,CA,Android Phone,0,disench,"Disenchantment: Part 1: ""Dreamland Falls""",play,title_results,2023-12-10 17:56:20
Daniel,CA,Android Phone,0,disench,,select,title_results,2023-12-10 17:56:09
Daniel,CA,Android Phone,0,batman,,select,title_results,2023-12-09 21:24:24
Daniel,CA,Android Phone,0,league,,select,title_results,2023-12-09 02:50:37
Daniel,CA,Android Phone,0,wolf of wall,The Wolf of Wall Street,play,title_results,2023-12-08 09:16:56
Daniel,CA,Android Phone,0,wolf of wall,The Wolf of Wall Street,play,title_results,2023-12-08 09:16:22
Daniel,CA,Android Phone,0,wolf of wall,The Wolf of Wall Street,select,title_results,2023-12-08 09:16:14
Daniel,CA,Android Phone,0,angy birds ,The Angry Birds Movie 2,select,title_results,2023-12-06 18:49:44
Daniel,CA,Android Phone,0,justice,"Justice League: Season 1: ""Secret Origins: Part 1""",play,title_results,2023-12-06 04:34:47
Daniel,CA,Android Phone,0,justice,"Justice League: Season 1: ""Secret Origins: Part 2""",play,title_results,2023-12-06 04:34:20
Daniel,CA,Android Phone,0,justice,"Justice League: Season 1: ""Secret Origins: Part 1""",play,title_results,2023-12-06 04:10:54
Daniel,CA,Android Phone,0,justice,,select,title_results,2023-12-06 04:10:50
Daniel,CA,Android Phone,0,grace and will,,select,title_results,2023-12-04 21:19:14
Daniel,CA,Android Phone,0,grace and will,,select,title_results,2023-12-04 21:18:56
Daniel,CA,Android Phone,0,angry bird,The Angry Birds Movie,play,title_results,2023-12-01 18:11:22
Daniel,CA,Android Phone,0,angry bird,The Angry Birds Movie,select,title_results,2023-12-01 18:11:19
Daniel,CA,Android Phone,0,horse,,select,title_results,2023-11-30 02:59:16
Daniel,CA,Android Phone,0,angry,The Angry Birds Movie 2,play,title_results,2023-11-29 08:57:51
Daniel,CA,Android Phone,0,angry,The Angry Birds Movie 2,select,title_results,2023-11-29 08:56:26
Daniel,CA,Android Phone,0,ice age,The Angry Birds Movie,play,title_results,2023-11-29 00:56:21
Daniel,CA,Android Phone,0,ice age,The Angry Birds Movie,select,title_results,2023-11-29 00:56:18
Daniel,CA,MVPD STB,0,br,,play,title_results,2023-11-24 22:04:26
Daniel,CA,MVPD STB,0,br,,select,title_results,2023-11-24 22:04:21
Daniel,CA,Android Phone,0,dream,Madagascar,play,title_results,2023-11-19 05:48:21
Daniel,CA,Android Phone,0,dream,Madagascar,select,title_results,2023-11-19 05:48:19
Daniel,CA,Android Phone,0,,How to Train Your Dragon,select,prequery_results,2023-11-18 06:20:47
Daniel,CA,Android Phone,0,,Men in Black: International,select,prequery_results,2023-11-15 21:10:06
Daniel,CA,MVPD STB,0,bu,,play,title_results,2023-11-12 16:53:18
Daniel,CA,MVPD STB,0,bu,,select,title_results,2023-11-12 16:53:14
Daniel,CA,Android Phone,0,shrex,How to Train Your Dragon,select,title_results,2023-11-12 16:19:18
Daniel,CA,Android Phone,0,shrex,"DreamWorks Shrek's Swamp Stories: Volume 1: ""Play All Three: Shrek's Swamp Stories""",play,title_results,2023-11-12 14:48:16
Daniel,CA,Android Phone,0,shrex,,select,title_results,2023-11-12 14:48:14
Daniel,CA,Android Phone,0,wolf,The Wolf of Wall Street,play,title_results,2023-11-12 02:02:53
Daniel,CA,Android Phone,0,wolf,The Wolf of Wall Street,select,title_results,2023-11-12 02:02:47
Daniel,CA,Android Phone,0,tama,,select,title_results,2023-11-08 18:17:16
Daniel,CA,Android Phone,0,dream,Kung Fu Panda,play,title_results,2023-11-07 18:16:24
Daniel,CA,Android Phone,0,dream,Kung Fu Panda,play,title_results,2023-11-07 18:02:34
Daniel,CA,Android Phone,0,dream,Kung Fu Panda,select,title_results,2023-11-07 18:02:30
Daniel,CA,Android Phone,0,,"Death Note: ""Frenzy""",play,title_results,2023-11-06 16:39:50
Daniel,CA,Android Phone,0,,,select,title_results,2023-11-06 16:39:37
Daniel,CA,Android Phone,0,ted,Step Brothers,select,title_results,2023-11-01 16:13:55
Daniel,CA,Android Phone,0,ted,Ted,select,title_results,2023-11-01 16:13:10
Daniel,CA,Android Phone,0,ted,If Anything Happens I Love You,select,title_results,2023-10-31 03:54:05
Daniel,CA,Android Phone,0,teddy,Naked,select,title_results,2023-10-31 03:53:12
Daniel,CA,Android Phone,0,,"Seinfeld: Season 6: ""The Fusilli Jerry""",play,prequery_results,2023-10-27 23:27:26
Daniel,CA,Android Phone,0,,"Seinfeld: Season 6: ""The Fusilli Jerry""",play,prequery_results,2023-10-27 23:11:17
Daniel,CA,Android Phone,0,,,select,prequery_results,2023-10-27 23:05:54
Daniel,CA,Android Phone,0,dinosaur,David Attenborough: A Life on Our Planet,play,title_results,2023-10-27 22:48:29
Daniel,CA,Android Phone,0,dinosaur,David Attenborough: A Life on Our Planet,select,title_results,2023-10-27 22:48:21
Daniel,CA,Android Phone,0,sabrina ,Work It,select,title_results,2023-10-24 05:02:10
Daniel,CA,Android Phone,0,,"Seinfeld: Season 4: ""The Pilot, Part I & II""",play,prequery_results,2023-10-23 01:45:21
Daniel,CA,Android Phone,0,,"Seinfeld: Season 4: ""The Pilot, Part I & II""",play,prequery_results,2023-10-23 01:31:58
Daniel,CA,Android Phone,0,,,play,prequery_results,2023-10-23 00:51:29
Daniel,CA,Android Phone,0,,,select,prequery_results,2023-10-23 00:51:27
Daniel,CA,Android Phone,0,seinf,,select,title_results,2023-10-19 02:24:29
Daniel,CA,Android Phone,0,young and hungry,,select,title_results,2023-10-19 02:24:18
Daniel,CA,Android Phone,0,superstore ,"Pretty Smart: Season 1: ""Check this, Mama! It’s a Laura Dern party!""",play,title_results,2023-10-18 20:00:32
Daniel,CA,Android Phone,0,superstore ,"Pretty Smart: Season 1: ""Did you hear?! Chelsea ran into Margot!""",play,title_results,2023-10-18 19:33:32
Daniel,CA,Android Phone,0,superstore ,,select,title_results,2023-10-18 19:33:29
Daniel,CA,Android Phone,0,superstore ,"Pretty Smart: Season 1: ""Guess what?! Claire’s sister is coming!""",play,title_results,2023-10-18 18:46:08
Daniel,CA,Android Phone,0,superstore ,,select,title_results,2023-10-18 18:45:59
Daniel,CA,Android Phone,0,dreamworks,"DreamWorks Presents: ""Mr. Peabody & Sherman - A Journey WABAC""",select,suggestion_results,2023-10-18 00:09:01
Daniel,CA,Android Phone,0,friends,"That '90s Show: Part 1: ""That '90s Pilot""",play,title_results,2023-10-17 03:48:10
Daniel,CA,Android Phone,0,friends,,select,title_results,2023-10-17 03:48:04
Daniel,CA,Android Phone,0,secen deadly,The Seven Deadly Sins: Cursed by Light,select,title_results,2023-10-15 21:35:33
Daniel,CA,Android Phone,0,secen deadly,The Seven Deadly Sins the Movie: Prisoners of the Sky,select,title_results,2023-10-15 21:35:29
Daniel,CA,Android Phone,0,secen deadly,The Seven Deadly Sins: Grudge of Edinburgh Part 1,select,title_results,2023-10-15 21:35:21
Daniel,CA,Android Phone,0,,,select,prequery_results,2023-10-15 19:44:30
Daniel,CA,Android Phone,0,,,select,prequery_results,2023-10-15 19:44:21
Daniel,CA,Android Phone,0,,Madagascar,select,prequery_results,2023-10-15 19:44:19
Daniel,CA,Android Phone,0,,The Lego Movie,play,prequery_results,2023-10-15 07:01:55
Daniel,CA,Android Phone,0,,The Lego Movie,select,prequery_results,2023-10-15 07:01:52
Daniel,CA,Android Phone,0,,"Conversations with a Killer: The John Wayne Gacy Tapes: Season 1: ""The Life of the Party""",play,prequery_results,2023-10-13 17:10:34
Daniel,CA,Android Phone,0,,,select,prequery_results,2023-10-13 17:10:30
Daniel,CA,Android Phone,0,dreamworks,,select,title_results,2023-10-13 06:18:57
Daniel,CA,Android Phone,0,dreamworks,How to Train Your Dragon 2,play,title_results,2023-10-13 05:52:25
Daniel,CA,Android Phone,0,dreamworks,How to Train Your Dragon 2,select,title_results,2023-10-13 05:52:14
Daniel,CA,Android Phone,0,dreamworks,Captain Underpants: The First Epic Movie,select,title_results,2023-10-13 05:52:11
Daniel,CA,Android Phone,0,despi,Kung Fu Panda,play,title_results,2023-10-13 00:45:22
Daniel,CA,Android Phone,0,despi,Kung Fu Panda,play,title_results,2023-10-13 00:43:06
Daniel,CA,Android Phone,0,despi,Kung Fu Panda,select,title_results,2023-10-13 00:40:44
Daniel,CA,Android Phone,0,despi,Alpha and Omega,select,title_results,2023-10-13 00:40:26
Daniel,CA,Android Phone,0,despi,Pets United,select,title_results,2023-10-13 00:39:52
Daniel,CA,Android Phone,0,despi,Hotel Transylvania,select,title_results,2023-10-13 00:39:40
Daniel,CA,Android Phone,0,despi,Hotel Transylvania,select,title_results,2023-10-13 00:39:40
Daniel,CA,Android Phone,0,despi,Minions & More Volume 2,select,title_results,2023-10-13 00:24:44
Daniel,US,Android Phone,0,animation,,select,title_results,2023-10-12 20:44:37
Daniel,CA,Android Phone,0,documen,"Our Planet II: ""Chapter 2: Following the Sun""",play,title_results,2023-10-12 01:27:52
Daniel,CA,Android Phone,0,documen,,select,title_results,2023-10-12 01:27:23
Daniel,CA,Android Phone,0,wol,The Wolf of Wall Street,select,title_results,2023-10-09 02:07:04
Daniel,CA,Android Phone,0,bungou stray dogs,"High-Rise Invasion: Season 1: ""I Will End This Realm""",play,title_results,2023-10-06 06:50:29
Daniel,CA,Android Phone,0,bungou stray dogs,"High-Rise Invasion: Season 1: ""I Will End This Realm""",play,title_results,2023-10-06 06:49:58
Daniel,CA,Android Phone,0,bungou stray dogs,"High-Rise Invasion: Season 1: ""I Won't Give in to This World""",play,title_results,2023-10-06 06:27:32
Daniel,CA,Android Phone,0,bungou stray dogs,"High-Rise Invasion: Season 1: ""I Just Don't Get This World""",play,title_results,2023-10-06 06:01:32
Daniel,CA,Android Phone,0,bungou stray dogs,,select,title_results,2023-10-06 06:00:59
Daniel,CA,Android Phone,0,america f,,select,title_results,2023-10-06 05:33:09
Daniel,CA,HTML 5,0,intro to spider,Spider-Man: Into the Spider-Verse,play,title_results,2023-10-05 03:35:15
Daniel,CA,Android Phone,0,bl,,select,title_results,2023-10-03 04:10:47
Daniel,CA,Android Phone,0,,Kung Fu Panda,select,prequery_results,2023-10-02 03:33:05
Daniel,CA,Android Phone,0,pretty,,select,title_results,2023-10-02 02:24:29
Daniel,CA,Android Phone,0,black mirr,"Black Mirror: Season 6: ""Loch Henry""",play,title_results,2023-10-02 00:04:21
Daniel,CA,Android Phone,0,black mirr,,select,title_results,2023-10-02 00:04:05
Daniel,CA,Android Phone,0,dem,Kung Fu Panda,play,title_results,2023-10-01 23:12:34
Daniel,CA,Android Phone,0,dem,Kung Fu Panda,select,title_results,2023-10-01 23:12:32
Daniel,CA,Android Phone,0,dem,,select,title_results,2023-10-01 23:10:41
Daniel,CA,Android Phone,0,dem,The Seven Deadly Sins the Movie: Prisoners of the Sky,play,title_results,2023-10-01 23:09:16
Daniel,CA,Android Phone,0,dem,The Seven Deadly Sins the Movie: Prisoners of the Sky,select,title_results,2023-10-01 23:09:14
Daniel,CA,Android Phone,0,dem,Charlie and the Chocolate Factory,play,title_results,2023-10-01 23:08:51
Daniel,CA,Android Phone,0,dem,Charlie and the Chocolate Factory,select,title_results,2023-10-01 23:08:47
Daniel,CA,Android Phone,0,dem,,select,title_results,2023-10-01 23:06:09
Daniel,CA,Android Phone,0,,,select,prequery_results,2023-10-01 22:49:50
Daniel,CA,Android Phone,0,pitch ,Pitch Perfect 2,play,title_results,2023-10-01 07:57:18
Daniel,CA,Android Phone,0,pitch ,Pitch Perfect 2,select,title_results,2023-10-01 07:57:16
Daniel,CA,Android Phone,0,alvin,Sing,play,title_results,2023-10-01 07:29:47
Daniel,CA,Android Phone,0,alvin,Sing,select,title_results,2023-10-01 07:29:45
Daniel,CA,Android Phone,0,alvin,Dr. Seuss' The Lorax,select,title_results,2023-10-01 07:29:39
Daniel,CA,Android Phone,0,willsmith,The Pursuit of Happyness,select,title_results,2023-10-01 07:29:17
Daniel,CA,Android Phone,0,stepbrothers ,Step Brothers,play,title_results,2023-09-30 20:04:12
Daniel,CA,Android Phone,0,stepbrothers ,Step Brothers,select,title_results,2023-09-30 20:04:09
Daniel,CA,Android Phone,0,stepbro,Step Brothers,play,title_results,2023-09-30 19:35:31
Daniel,CA,Android Phone,0,stepbro,Step Brothers,select,title_results,2023-09-30 19:35:29
Daniel,CA,Android Phone,0,cindarella,Pitch Perfect,select,title_results,2023-09-24 05:31:42
Daniel,CA,Android Phone,0,cindarella,Spirit: Stallion of the Cimarron,select,title_results,2023-09-24 05:30:58
Daniel,CA,Android Phone,0,cindarella,Charming,play,title_results,2023-09-24 04:47:05
Daniel,CA,Android Phone,0,cindarella,Charming,play,title_results,2023-09-24 04:37:50
Daniel,CA,Android Phone,0,cindarella,Charming,select,title_results,2023-09-24 04:37:44
Daniel,CA,Android Phone,0,sabrin,Pitch Perfect,play,title_results,2023-09-23 23:38:58
Daniel,CA,Android Phone,0,sabrin,Pitch Perfect,select,title_results,2023-09-23 23:38:52
Daniel,CA,Android Phone,0,sabrin,Sabrina,select,title_results,2023-09-23 23:37:54
Daniel,CA,Android Phone,0,,,select,title_results,2023-09-23 23:37:15
Daniel,CA,Android Phone,0,,,select,title_results,2023-09-23 23:36:45
Daniel,CA,Android Phone,0,madgascar,Kung Fu Panda,select,title_results,2023-09-23 19:57:13
Daniel,CA,Android Phone,0,,Rush Hour 3,select,prequery_results,2023-09-23 19:40:09
Daniel,CA,Android Phone,0,hangover,The Hangover,select,title_results,2023-09-23 19:32:03
Daniel,CA,Android Phone,0,,,select,prequery_results,2023-09-23 19:31:53
Daniel,CA,Android Phone,0,,Pitch Perfect 3,select,prequery_results,2023-09-23 04:21:33
Daniel,CA,Android Phone,0,the next,Pitch Perfect,play,title_results,2023-09-20 05:44:21
Daniel,CA,Android Phone,0,the next,Pitch Perfect,select,title_results,2023-09-20 05:44:16
Daniel,CA,Android Phone,0,the next,"The Next Step: Season 1: ""This Is How We Do It""",play,title_results,2023-09-20 05:33:54
Daniel,CA,Android Phone,0,the next,"The Next Step: Season 1: ""Help!""",play,title_results,2023-09-20 04:38:24
Daniel,CA,Android Phone,0,the next,"The Next Step: Season 1: ""Sabotage""",play,title_results,2023-09-20 04:06:55
Daniel,CA,Android Phone,0,the next,"The Next Step: Season 1: ""Changes""",play,title_results,2023-09-20 04:05:23
Daniel,CA,Android Phone,0,the next,"The Next Step: Season 1: ""Can You Keep a Secret""",play,title_results,2023-09-20 04:04:22
Daniel,CA,Android Phone,0,the next,"The Next Step: Season 1: ""Video Killed the Radio Star""",play,title_results,2023-09-20 03:58:27
Daniel,CA,Android Phone,0,the next,"The Next Step: Season 1: ""Video Killed the Radio Star""",play,title_results,2023-09-20 03:52:59
Daniel,CA,Android Phone,0,the next,"The Next Step: Season 1: ""Rock and a Hard Place""",play,title_results,2023-09-20 03:45:09
Daniel,CA,Android Phone,0,the next,"The Next Step: Season 1: ""Everybody Dance Now""",play,title_results,2023-09-20 03:41:02
Daniel,CA,Android Phone,0,the next,"The Next Step: Season 1: ""Get This Party Started""",play,title_results,2023-09-20 03:40:57
Daniel,CA,Android Phone,0,the next,"The Next Step: Season 1: ""Get This Party Started""",play,title_results,2023-09-20 03:30:51
Daniel,CA,Android Phone,0,the next,,select,title_results,2023-09-20 03:30:39
Daniel,CA,Android Phone,0,alvin,The Croods: A New Age,play,title_results,2023-09-19 10:36:39
Daniel,CA,Android Phone,0,alvin,The Croods: A New Age,select,title_results,2023-09-19 10:36:36
Daniel,CA,HTML 5,0,dragon,Kung Fu Panda,play,title_results,2023-09-19 01:32:51
Daniel,CA,HTML 5,0,dragon,Pokémon: Mewtwo Strikes Back - Evolution,play,title_results,2023-09-19 00:08:57
Daniel,CA,Android Phone,0,dreamworks,How to Train Your Dragon 2,play,title_results,2023-09-15 20:57:24
Daniel,CA,Android Phone,0,dreamworks,How to Train Your Dragon 2,select,title_results,2023-09-15 20:57:22
Daniel,CA,HTML 5,0,disney,Walt Disney Animation Studios Short Films Collection,select,suggestion_results,2023-09-14 16:05:19
Daniel,CA,MVPD STB,0,ma,,play,title_results,2023-09-06 14:57:43
Daniel,CA,MVPD STB,0,ma,,select,title_results,2023-09-06 14:57:40
Daniel,CA,HTML 5,0,baby driver,Baby Driver,play,title_results,2023-09-03 14:53:20
Daniel,CA,Android Phone,0,,"Superstore: Season 2: ""Black Friday""",play,prequery_results,2023-09-03 06:58:40
Daniel,CA,Android Phone,0,,"Superstore: Season 2: ""Black Friday""",play,prequery_results,2023-09-03 06:52:43
Daniel,CA,Android Phone,0,,,select,prequery_results,2023-09-03 06:52:16
Daniel,CA,Android Phone,0,shrek,DreamWorks Shrek the Halls,select,title_results,2023-09-03 05:58:30
Daniel,CA,Android Phone,0,shrek,DreamWorks Shrek the Halls,select,title_results,2023-09-03 05:58:25
Daniel,CA,Android Phone,0,james franco,Ride Along,play,title_results,2023-09-03 05:00:34
Daniel,CA,Android Phone,0,james franco,Ride Along,select,title_results,2023-09-03 05:00:14
Daniel,CA,Android Phone,0,james franco,The Night Before,select,title_results,2023-09-03 04:59:32
Daniel,CA,Android Phone,0,james franco,30 Minutes or Less,select,title_results,2023-09-03 04:57:53
Daniel,CA,Android Phone,0,home alone,Minions & More Volume 1,select,title_results,2023-09-02 21:19:55
Daniel,CA,Android Phone,0,home alone,YES DAY,select,title_results,2023-09-02 21:19:31
Daniel,CA,Android Phone,0,home alone,Charlie and the Chocolate Factory,add,title_results,2023-09-02 19:46:16
Daniel,CA,Android Phone,0,home alone,Charlie and the Chocolate Factory,play,title_results,2023-09-02 18:45:04
Daniel,CA,Android Phone,0,home alone,Charlie and the Chocolate Factory,play,title_results,2023-09-02 18:44:42
Daniel,CA,Android Phone,0,home alone,Charlie and the Chocolate Factory,select,title_results,2023-09-02 18:44:39
Daniel,CA,MVPD STB,0,baby d,Baby Driver,play,title_results,2023-09-01 22:42:33
Daniel,CA,Android Phone,0,animated,Riverdance: The Animated Adventure,select,title_results,2023-09-01 22:03:05
Daniel,CA,MVPD STB,0,baby d,Baby Driver,play,title_results,2023-09-01 20:44:33
Daniel,CA,MVPD STB,0,baby d,Baby Driver,select,title_results,2023-09-01 20:44:29
Daniel,CA,Android Phone,0,animated,How to Train Your Dragon,play,title_results,2023-09-01 20:05:21
Daniel,CA,Android Phone,0,animated,How to Train Your Dragon,select,title_results,2023-09-01 20:05:19
Daniel,CA,MVPD STB,0,p,,play,title_results,2023-08-29 20:12:37
Daniel,CA,MVPD STB,0,p,,select,title_results,2023-08-29 20:12:34
Daniel,CA,Android Phone,0,,Uncle Drew,select,title_results,2023-08-28 04:55:50
Daniel,CA,Android Phone,0,,Goosebumps,select,title_results,2023-08-28 04:55:14
Daniel,CA,Android Phone,0,,YES DAY,select,title_results,2023-08-28 04:54:57
Daniel,CA,Android Phone,0,,Wonder,select,title_results,2023-08-28 04:54:52
Daniel,CA,MVPD STB,0,mu,Murder Mystery 2,play,title_results,2023-08-27 23:45:07
Daniel,CA,MVPD STB,0,mu,Murder Mystery 2,play,title_results,2023-08-27 23:44:56
Daniel,CA,MVPD STB,0,mu,Murder Mystery 2,select,title_results,2023-08-27 23:44:34
Daniel,CA,MVPD STB,0,mu,Murder Mystery 2,play,title_results,2023-08-27 23:44:32
Daniel,CA,MVPD STB,0,mu,Murder Mystery 2,play,title_results,2023-08-27 23:43:45
Daniel,CA,MVPD STB,0,mu,Murder Mystery 2,select,title_results,2023-08-27 23:43:34
Daniel,CA,MVPD STB,0,mu,Murder Mystery 2,play,title_results,2023-08-27 23:43:31
Daniel,CA,Android Phone,0,the outsiders,American Psycho,play,title_results,2023-08-27 04:32:02
Daniel,CA,Android Phone,0,the outsiders,American Psycho,play,title_results,2023-08-27 04:30:32
Daniel,CA,Android Phone,0,the outsiders,American Psycho,play,title_results,2023-08-27 04:21:51
Daniel,CA,Android Phone,0,the outsiders,American Psycho,play,title_results,2023-08-27 03:33:54
Daniel,CA,Android Phone,0,the outsiders,American Psycho,select,title_results,2023-08-27 03:33:52
Daniel,CA,Android Phone,0,the outsiders,Ted,play,title_results,2023-08-27 03:22:50
Daniel,CA,Android Phone,0,the outsiders,Ted,select,title_results,2023-08-27 03:22:48
Daniel,CA,Android Phone,0,the outsiders,The Outsider,select,title_results,2023-08-27 03:19:54
Daniel,CA,MVPD STB,0,gro,Grown Ups 2,play,suggestion_results,2023-08-23 23:02:36
Daniel,CA,MVPD STB,0,gro,Grown Ups 2,select,suggestion_results,2023-08-23 23:02:33
Daniel,CA,MVPD STB,0,gro,Grown Ups,select,suggestion_results,2023-08-23 23:02:22
Daniel,CA,MVPD STB,0,,Grown Ups 2,play,prequery_results,2023-08-23 23:00:52
Daniel,CA,MVPD STB,0,,Grown Ups 2,select,prequery_results,2023-08-23 23:00:49
Daniel,CA,MVPD STB,0,han,The Hangover: Part II,play,title_results,2023-08-23 22:51:06
Daniel,CA,MVPD STB,0,han,The Hangover: Part II,select,title_results,2023-08-23 22:50:59
Daniel,CA,MVPD STB,0,22,The Hangover,play,title_results,2023-08-23 18:56:14
Daniel,CA,MVPD STB,0,22,The Hangover,play,title_results,2023-08-23 16:57:17
Daniel,CA,MVPD STB,0,22,The Hangover,play,title_results,2023-08-23 16:53:49
Daniel,CA,MVPD STB,0,22,The Hangover,play,title_results,2023-08-23 15:56:52
Daniel,CA,MVPD STB,0,22,The Hangover,select,title_results,2023-08-23 15:56:48
Daniel,CA,Android Phone,0,matrix,The Matrix Resurrections,play,title_results,2023-08-20 19:18:54
Daniel,CA,Android Phone,0,matrix,The Matrix Resurrections,select,title_results,2023-08-20 19:18:51
Daniel,CA,Android Phone,0,victorious ,,select,title_results,2023-08-20 02:37:07
Daniel,CA,Android Phone,0,baebie,,select,title_results,2023-08-20 02:33:16
Daniel,CA,Android Phone,0,2 broke gi,Senior Year,select,title_results,2023-08-19 04:22:04
Daniel,CA,Android Phone,0,2 broke gi,,select,title_results,2023-08-19 04:21:08
Daniel,CA,Android Phone,0,,How to Train Your Dragon,select,prequery_results,2023-08-18 05:48:59
Daniel,CA,Android Phone,0,,Central Intelligence,play,prequery_results,2023-08-18 05:48:50
Daniel,CA,Android Phone,0,,Central Intelligence,play,prequery_results,2023-08-18 04:04:19
Daniel,CA,Android Phone,0,,Central Intelligence,select,prequery_results,2023-08-18 04:03:48
Daniel,CA,Android Phone,0,,Men in Black,select,prequery_results,2023-08-18 04:03:29
Daniel,CA,Android Phone,0,,,select,prequery_results,2023-08-18 04:00:43
Daniel,CA,Android Phone,0,,Kung Fu Panda,play,prequery_results,2023-08-18 03:41:28
Daniel,CA,Android Phone,0,,Kung Fu Panda,select,prequery_results,2023-08-18 03:41:26
Daniel,CA,Android Phone,0,,Kung Fu Panda,select,prequery_results,2023-08-18 03:41:23
Daniel,CA,Android Phone,0,,The Matrix Resurrections,play,prequery_results,2023-08-18 03:35:55
Daniel,CA,Android Phone,0,,The Matrix Resurrections,select,prequery_results,2023-08-18 03:35:40
Daniel,CA,MVPD STB,0,am,American Psycho,play,title_results,2023-08-16 17:47:14
Daniel,CA,MVPD STB,0,am,American Psycho,select,title_results,2023-08-16 17:47:11
Daniel,CA,Android Phone,0,rush hour,Rush Hour,play,title_results,2023-08-15 23:15:32
Daniel,CA,Android Phone,0,rush hour,Rush Hour,play,title_results,2023-08-15 23:00:19
Daniel,CA,Android Phone,0,rush hour,Rush Hour,select,title_results,2023-08-15 23:00:12
Daniel,CA,Android Phone,0,h,He's All That,select,title_results,2023-08-14 16:03:40
Daniel,CA,Android Phone,0,h,The Conjuring,select,title_results,2023-08-14 16:02:15
Daniel,CA,Android Phone,0,h,,select,title_results,2023-08-14 16:02:07
Daniel,CA,Android Phone,0,h,The Adventures of Sharkboy and Lavagirl,select,title_results,2023-08-14 16:01:54
Daniel,CA,Android Phone,0,h,How to Train Your Dragon,select,title_results,2023-08-14 16:00:58
Daniel,CA,Android Phone,0,,"Mom: Season 3: ""My Little Pony and a Demerol Drip""",play,prequery_results,2023-08-14 12:27:33
Daniel,CA,Android Phone,0,,,select,prequery_results,2023-08-14 12:27:21
Daniel,CA,Android Phone,0,,My Little Pony: A New Generation,play,prequery_results,2023-08-14 12:20:24
Daniel,CA,Android Phone,0,,My Little Pony: A New Generation,select,prequery_results,2023-08-14 12:20:20
Daniel,CA,Android Phone,0,,"Superstore: Season 4: ""Maternity Leave""",play,prequery_results,2023-08-14 06:10:43
Daniel,CA,Android Phone,0,,,select,prequery_results,2023-08-14 06:10:33
Daniel,CA,Android Phone,0,,,select,prequery_results,2023-08-14 06:10:04
Daniel,CA,Android Phone,0,six bullet,Rush Hour,play,title_results,2023-08-14 04:28:54
Daniel,CA,Android Phone,0,six bullet,Rush Hour,play,title_results,2023-08-14 04:28:41
Daniel,CA,Android Phone,0,six bullet,Rush Hour,select,title_results,2023-08-14 04:28:25
Daniel,CA,Android Phone,0,jackie chan,The Foreigner,select,title_results,2023-08-14 04:27:57
Daniel,CA,Android Phone,0,jackie chan,War,select,title_results,2023-08-14 04:27:49
Daniel,CA,Android Phone,0,jackie chan,Central Intelligence,select,title_results,2023-08-14 04:27:30
Daniel,CA,Android Phone,0,horse,"Victorious: Season 1: ""Wok Star""",play,title_results,2023-08-14 01:35:00
Daniel,CA,Android Phone,0,horse,,play,,2023-08-14 01:09:43
Daniel,CA,Android Phone,0,horse,"Victorious: Season 1: ""The Diddly-Bops""",play,title_results,2023-08-14 00:12:58
Daniel,CA,Android Phone,0,horse,,select,title_results,2023-08-14 00:12:27
Daniel,CA,Android Phone,0,horse,,select,title_results,2023-08-13 23:42:44
Daniel,CA,Android Phone,0,eupho,,select,title_results,2023-08-13 23:42:20
Daniel,CA,Android Phone,0,,"Victorious: Season 2: ""Helen Back Again""",play,prequery_results,2023-08-11 14:29:03
Daniel,CA,Android Phone,0,,,select,prequery_results,2023-08-11 14:27:26
Daniel,CA,Android Phone,0,,"Mom: Season 8: ""Klondike-Five and a Secret Family""",play,prequery_results,2023-08-11 14:03:04
Daniel,CA,Android Phone,0,,,select,prequery_results,2023-08-11 14:02:17
Daniel,CA,Android Phone,0,,"Mom: Season 3: ""Thigh Gap and a Rack of Lamb""",play,prequery_results,2023-08-04 04:18:49
Daniel,CA,Android Phone,0,,,select,prequery_results,2023-08-04 04:04:31
Daniel,CA,Android Phone,0,insurgent,The Divergent Series: Insurgent,select,title_results,2023-08-04 04:04:21
Daniel,CA,Android Phone,0,,My Neighbor Totoro,select,prequery_results,2023-08-04 04:01:49
Daniel,CA,Android Phone,0,,"The Disastrous Life of Saiki K.: Season 1: ""Episode 1""",play,prequery_results,2023-08-04 03:54:00
Daniel,CA,Android Phone,0,,,select,prequery_results,2023-08-04 03:53:56
Daniel,CA,Android Phone,0,seven ,,select,title_results,2023-08-04 03:53:46
Daniel,CA,Android Phone,0,seven ,,select,title_results,2023-08-04 03:53:28
Daniel,CA,Android Phone,0,seven ,"The Seven Deadly Sins: Signs of Holy War: ""The Dark Dream Begins""",play,title_results,2023-08-04 03:28:03
Daniel,CA,Android Phone,0,seven ,"The Seven Deadly Sins: Signs of Holy War: ""The Dark Dream Begins""",play,title_results,2023-08-04 03:27:25
Daniel,CA,Android Phone,0,seven ,,select,title_results,2023-08-04 03:27:06
Daniel,CA,Android Phone,0,seven ,,select,title_results,2023-08-04 03:26:45
Daniel,CA,Android Phone,0,,"BEASTARS: Season 2: ""A Teen's Never-Ending Alarm""",play,prequery_results,2023-07-31 06:22:55
Daniel,CA,Android Phone,0,,,select,prequery_results,2023-07-31 06:22:51
Daniel,CA,Android Phone,0,bakuguan,"Seinfeld: Season 1: ""Seinfeld""",play,title_results,2023-07-31 06:19:04
Daniel,CA,Android Phone,0,bakuguan,"Seinfeld: Season 1: ""Seinfeld""",play,title_results,2023-07-31 04:48:11
Daniel,CA,Android Phone,0,bakuguan,,select,title_results,2023-07-31 04:48:01
Daniel,CA,Android Phone,0,digimon,"Bakugan: Evolutions: Season 1: ""Evolutions Unleashed!""",play,title_results,2023-07-31 04:46:36
Daniel,CA,Android Phone,0,digimon,,select,title_results,2023-07-31 04:46:06
Daniel,CA,Android Phone,0,digimon,,select,title_results,2023-07-31 04:45:49
Daniel,CA,Android Phone,0,avatar,,select,title_results,2023-07-31 04:45:25
Daniel,CA,Android Phone,0,avatar,,select,title_results,2023-07-31 04:45:08
Daniel,CA,Android Phone,0,dreamworks ,,select,title_results,2023-07-31 04:44:29
Daniel,CA,Android Phone,0,dreamworks ,The Trial of the Chicago 7,select,title_results,2023-07-31 04:44:01
Daniel,CA,Android Phone,0,dreamworks ,,select,title_results,2023-07-31 04:43:25
Daniel,CA,Android Phone,0,dreamworks ,,select,title_results,2023-07-31 04:43:12
Daniel,CA,Android Phone,0,dreamworks ,,select,title_results,2023-07-31 04:43:03
Daniel,CA,Android Phone,0,dreamworks ,"DreamWorks Shrek's Swamp Stories: Volume 1: ""Play All Three: Shrek's Swamp Stories""",play,title_results,2023-07-31 04:39:38
Daniel,CA,Android Phone,0,dreamworks ,,select,title_results,2023-07-31 04:39:35
Daniel,CA,Android Phone,0,dreamworks ,,select,title_results,2023-07-31 04:39:28
Daniel,CA,Android Phone,0,happy ending,,select,title_results,2023-07-31 04:37:45
Daniel,CA,Android Phone,0,happy ending,Happy Ending,select,title_results,2023-07-31 04:37:37
Daniel,CA,Android Phone,0,friends,Friends with Benefits,select,title_results,2023-07-31 04:37:04
Daniel,CA,Android Phone,0,cloudy,Cloudy with a Chance of Meatballs 2,play,title_results,2023-07-30 17:32:39
Daniel,CA,Android Phone,0,cloudy,Cloudy with a Chance of Meatballs 2,play,title_results,2023-07-30 16:48:26
Daniel,CA,Android Phone,0,cloudy,Cloudy with a Chance of Meatballs 2,play,title_results,2023-07-30 16:27:52
Daniel,CA,Android Phone,0,cloudy,Cloudy with a Chance of Meatballs 2,play,title_results,2023-07-30 16:24:09
Daniel,CA,Android Phone,0,cloudy,Cloudy with a Chance of Meatballs 2,play,title_results,2023-07-30 15:53:17
Daniel,CA,Android Phone,0,cloudy,Cloudy with a Chance of Meatballs 2,select,title_results,2023-07-30 15:53:12
Daniel,CA,Android Phone,0,my little pony,,select,title_results,2023-07-28 01:48:07
Daniel,CA,Android Phone,0,equest,,select,title_results,2023-07-27 20:58:51
Daniel,CA,Android Phone,0,equest,,select,title_results,2023-07-27 20:58:45
Daniel,CA,Android Phone,0,,"My Little Pony: Friendship Is Magic: Season 1: ""Sonic Rainboom""",play,prequery_results,2023-07-27 06:31:42
Daniel,CA,Android Phone,0,,"My Little Pony: Friendship Is Magic: Season 1: ""Sonic Rainboom""",play,prequery_results,2023-07-27 06:30:23
Daniel,CA,Android Phone,0,,"My Little Pony: Friendship Is Magic: Season 1: ""Swarm of the Century""",play,prequery_results,2023-07-27 05:05:39
Daniel,CA,Android Phone,0,,"My Little Pony: Friendship Is Magic: Season 1: ""The Ticket Master""",play,prequery_results,2023-07-27 04:41:04
Daniel,CA,Android Phone,0,,,select,prequery_results,2023-07-27 04:40:53
Daniel,CA,Android Phone,0,ever after ,After Ever Happy,select,title_results,2023-07-27 04:40:32
Daniel,CA,Android Phone,0,ever after ,"Welcome to Ever After High: ""Legacy Day""",play,title_results,2023-07-27 04:22:28
Daniel,CA,Android Phone,0,ever after ,,select,title_results,2023-07-27 04:22:18
Daniel,CA,Android Phone,0,simpsons,My Little Pony: A New Generation,select,title_results,2023-07-25 01:31:49
Daniel,CA,Android Phone,0,simpsons,The Intern,select,title_results,2023-07-25 01:31:01
Daniel,CA,Android Phone,0,simpsons,Happy Gilmore,select,title_results,2023-07-25 01:30:40
Daniel,CA,Android Phone,0,simpsons,"Floor Is Lava: Season 3: ""All Fun and Games""",play,title_results,2023-07-25 01:25:25
Daniel,CA,Android Phone,0,simpsons,,select,title_results,2023-07-25 01:25:15
Daniel,CA,Android Phone,0,simpsons,,select,title_results,2023-07-25 01:25:09
Daniel,CA,Android Phone,0,simpsons,Horsin' Around,select,title_results,2023-07-25 01:25:02
Daniel,CA,Android Phone,0,simpsons,,select,title_results,2023-07-25 01:24:53
Daniel,CA,Android Phone,0,simpsons,,select,title_results,2023-07-25 01:24:37
Daniel,CA,Android Phone,0,,"The Promised Neverland: Season 1: ""EPISODE.12 150146""",play,prequery_results,2023-07-24 21:34:19
Daniel,CA,Android Phone,0,,,select,prequery_results,2023-07-24 21:34:11
Daniel,CA,Android Phone,0,made in aby,,select,title_results,2023-07-24 21:33:59
Daniel,CA,Android Phone,0,the promised,"Kakegurui: ""Episode 3""",play,title_results,2023-07-24 21:33:40
Daniel,CA,Android Phone,0,the promised,"Kakegurui: ""Episode 1""",play,title_results,2023-07-24 21:18:39
Daniel,CA,Android Phone,0,the promised,"Kakegurui: ""Episode 1""",play,title_results,2023-07-24 21:18:33
Daniel,CA,Android Phone,0,the promised,,select,title_results,2023-07-24 21:18:12
Daniel,CA,Android Phone,0,the promised,,select,title_results,2023-07-24 21:17:49
Daniel,CA,Android Phone,0,crood,Cloudy with a Chance of Meatballs,play,title_results,2023-07-23 23:29:24
Daniel,CA,Android Phone,0,crood,Cloudy with a Chance of Meatballs,play,title_results,2023-07-23 23:19:34
Daniel,CA,Android Phone,0,crood,Cloudy with a Chance of Meatballs,select,title_results,2023-07-23 23:19:30
Daniel,CA,Android Phone,0,crood,Kung Fu Panda,select,title_results,2023-07-23 23:19:23
Daniel,CA,Android Phone,0,squid,,select,title_results,2023-07-22 02:26:36
Daniel,CA,Android Phone,0,tangled,Kung Fu Panda,select,title_results,2023-07-22 02:25:27
Daniel,CA,Android Phone,0,,"Breaking Bad: Season 1: ""The Cat's in the Bag""",play,prequery_results,2023-07-14 01:15:04
Daniel,CA,Android Phone,0,,,select,prequery_results,2023-07-14 01:15:01
Daniel,CA,Android Phone,0,break,"Breaking Bad: Season 1: ""The Cat's in the Bag""",play,title_results,2023-07-14 01:14:18
Daniel,CA,Android Phone,0,break,,select,title_results,2023-07-14 01:13:57
Daniel,CA,Android Phone,0,7 dea,"The Seven Deadly Sins: ""Pent-up Feelings""",play,title_results,2023-07-13 05:47:41
Daniel,CA,Android Phone,0,7 dea,"The Seven Deadly Sins: ""The Seven Deadly Sins""",play,title_results,2023-07-13 05:44:49
Daniel,CA,Android Phone,0,7 dea,,select,title_results,2023-07-13 05:44:41
Daniel,CA,Android Phone,0,,,select,prequery_results,2023-07-07 22:34:31
Daniel,CA,HTML 5,0,13 reas,,play,title_results,2023-07-02 02:45:19
Daniel,CA,Android Phone,0,spir,Tony Robbins: I Am Not Your Guru,select,title_results,2023-06-25 00:08:23
Daniel,CA,Android Phone,0,spir,,select,title_results,2023-06-25 00:07:53
Daniel,CA,Android Phone,0,spir,Alpha and Omega,select,title_results,2023-06-25 00:07:20
Daniel,CA,Android Phone,0,spir,Mowgli: Legend of the Jungle,select,title_results,2023-06-25 00:07:14
Daniel,CA,Android Phone,0,spir,Spirit: Stallion of the Cimarron,select,title_results,2023-06-25 00:03:37
Daniel,CA,Android Phone,0,riverdale,"Riverdale: Season 3: ""Chapter Forty: ""The Great Escape""""",play,title_results,2023-06-24 04:40:38
Daniel,CA,Android Phone,0,riverdale,"Riverdale: Season 1: ""Chapter One: The River's Edge""",play,title_results,2023-06-24 04:36:11
Daniel,CA,Android Phone,0,riverdale,,select,title_results,2023-06-24 04:36:01
Daniel,CA,Android Phone,0,dreamswork,Spirit: Stallion of the Cimarron,select,title_results,2023-06-19 03:09:27
Daniel,CA,Android Phone,0,,"Superstore: Season 2: ""Olympics""",play,prequery_results,2023-06-18 08:43:23
Daniel,CA,Android Phone,0,,,select,prequery_results,2023-06-18 08:43:17
Daniel,CA,Android Phone,0,,"Superstore: Season 2: ""Lost and Found""",play,prequery_results,2023-06-18 02:00:49
Daniel,CA,Android Phone,0,,"Superstore: Season 2: ""Olympics""",play,prequery_results,2023-06-18 01:18:07
Daniel,CA,Android Phone,0,,,select,prequery_results,2023-06-18 01:17:58
Daniel,CA,Android Phone,0,black clover,,select,title_results,2023-06-18 01:17:53
Daniel,CA,Android Phone,0,black clover,Black Clover: Sword of the Wizard King,select,title_results,2023-06-18 01:17:47
Daniel,CA,Android Phone,0,black clover,,select,title_results,2023-06-18 01:17:34
Daniel,CA,Android Phone,0,blaxk clo,Black Clover: Sword of the Wizard King,select,title_results,2023-06-18 01:17:12
Daniel,CA,Android Phone,0,,"Castlevania: Season 3: ""Investigators""",play,prequery_results,2023-06-17 19:54:32
Daniel,CA,Android Phone,0,,,select,prequery_results,2023-06-17 19:48:35
Daniel,CA,Android Phone,0,,"The Walking Dead: Season 1: ""Days Gone Bye""",play,prequery_results,2023-06-17 19:30:01
Daniel,CA,Android Phone,0,,,select,prequery_results,2023-06-17 19:29:56
Daniel,CA,Android Phone,0,,"Castlevania: Season 1: ""Necropolis""",play,prequery_results,2023-06-16 22:56:31
Daniel,CA,Android Phone,0,,"Castlevania: Season 1: ""Witchbottle""",play,prequery_results,2023-06-16 22:22:51
Daniel,CA,Android Phone,0,,,select,prequery_results,2023-06-16 22:22:42
Daniel,CA,Android Phone,0,,,select,prequery_results,2023-06-16 22:22:03
Daniel,CA,Android Phone,0,chinese,,select,title_results,2023-06-16 22:21:51
Daniel,CA,Android Phone,0,chinese,,select,title_results,2023-06-16 22:21:29
Daniel,CA,Android Phone,0,chinese,The Forbidden Kingdom,select,title_results,2023-06-16 22:21:19
Daniel,CA,Android Phone,0,chinese,A Chinese Odyssey (Part I),select,title_results,2023-06-16 22:21:04
Daniel,CA,Android Phone,0,tangled,How to Train Your Dragon,select,title_results,2023-06-10 22:42:47
Daniel,CA,Android Phone,0,,,select,prequery_results,2023-06-10 16:31:26
Daniel,CA,Android Phone,0,,"The Walking Dead: Season 1: ""Days Gone Bye""",play,prequery_results,2023-06-10 16:05:36
Daniel,CA,Android Phone,0,,,play,prequery_results,2023-06-10 16:05:21
Daniel,CA,Android Phone,0,,,select,prequery_results,2023-06-10 16:05:12
Daniel,CA,Android Phone,0,,"The Seven Deadly Sins: Revival of The Commandments: ""Existence & Proof""",play,prequery_results,2023-06-10 15:20:28
Daniel,CA,Android Phone,0,,"The Seven Deadly Sins: ""The Heroes""",play,prequery_results,2023-06-10 15:01:27
Daniel,CA,Android Phone,0,seven deadly sins,"The Seven Deadly Sins: ""Despair Descends""",play,title_results,2023-06-10 05:37:41
Daniel,CA,Android Phone,0,seven deadly sins,"The Seven Deadly Sins: ""Despair Descends""",play,title_results,2023-06-10 05:14:00
Daniel,CA,Android Phone,0,seven deadly sins,,select,title_results,2023-06-10 05:13:48
Daniel,CA,Android Phone,0,seven deadly sins,The Seven Deadly Sins: Cursed by Light,select,title_results,2023-06-10 05:13:43
Daniel,CA,Android Phone,0,seven deadly ,The Seven Deadly Sins: Grudge of Edinburgh Part 1,select,title_results,2023-06-10 05:13:29
Daniel,CA,Android Phone,0,seven deadly ,The Seven Deadly Sins: Cursed by Light,select,title_results,2023-06-10 05:13:10
Daniel,CA,Android Phone,0,princess,Princess Mononoke,play,title_results,2023-06-04 02:24:19
Daniel,CA,Android Phone,0,princess,Princess Mononoke,select,title_results,2023-06-04 02:24:13
Daniel,CA,Android Phone,0,bungou stray,If Anything Happens I Love You,play,title_results,2023-06-04 02:17:07
Daniel,CA,Android Phone,0,bungou stray,If Anything Happens I Love You,play,title_results,2023-06-04 02:14:29
Daniel,CA,Android Phone,0,bungou stray,If Anything Happens I Love You,select,title_results,2023-06-04 02:14:23
Daniel,CA,Android Phone,0,neighbor to,My Neighbor Totoro,play,title_results,2023-06-04 02:10:24
Daniel,CA,Android Phone,0,neighbor to,My Neighbor Totoro,play,title_results,2023-06-04 02:09:50
Daniel,CA,Android Phone,0,neighbor to,My Neighbor Totoro,select,title_results,2023-06-04 02:09:48
Daniel,CA,Android Phone,0,narnia ,Coraline,select,title_results,2023-06-03 02:06:38
Daniel,CA,Android Phone,0,narnia ,Jurassic Park III,select,title_results,2023-06-03 02:06:15
Daniel,CA,Android Phone,0,narnia ,Nightbooks,select,title_results,2023-06-03 02:06:00
Daniel,CA,Android Phone,0,narnia ,Guillermo del Toro’s Pinocchio,select,title_results,2023-06-03 02:05:43
Daniel,CA,Android Phone,0,ode to joy,The Water Horse: Legend of the Deep,select,title_results,2023-06-03 02:05:19
Daniel,CA,Android Phone,0,internship,Couples Retreat,select,title_results,2023-06-03 02:04:50
Daniel,CA,Android Phone,0,fringe,Freaks – You're One of Us,select,title_results,2023-06-03 02:03:58
Daniel,CA,Android Phone,0,fringe,I Think We're Alone Now,select,title_results,2023-06-03 02:03:51
Daniel,CA,Android Phone,0,fringe,Interceptor,select,title_results,2023-06-03 02:03:40
Daniel,CA,Android Phone,0,dreamworks,Kung Fu Panda,play,title_results,2023-06-02 23:27:45
Daniel,CA,Android Phone,0,dreamworks,Kung Fu Panda,select,title_results,2023-06-02 23:27:42
Daniel,CA,Android Phone,0,disney,,select,suggestion_results,2023-06-02 23:26:17
Daniel,CA,Android Phone,0,disney,,select,suggestion_results,2023-06-02 23:26:13
Daniel,CA,Android Phone,0,,,select,prequery_results,2023-05-27 22:22:55
Daniel,CA,Android Phone,0,,,select,prequery_results,2023-05-27 22:22:25
Daniel,CA,Android Phone,0,,,select,prequery_results,2023-05-27 22:22:08
Daniel,CA,Android Phone,0,,"Black Mirror: Season 1: ""The Entire History of You""",play,prequery_results,2023-05-27 22:21:43
Daniel,CA,Android Phone,0,,,select,prequery_results,2023-05-27 22:21:35
Daniel,CA,Android Phone,0,black mirr,,select,title_results,2023-05-27 22:17:47
Daniel,CA,HTML 5,0,riverda,,play,title_results,2023-05-24 01:59:53
Daniel,CA,HTML 5,0,riverda,,play,title_results,2023-05-24 01:58:28
Daniel,CA,Android Phone,0,,,select,prequery_results,2023-05-19 21:16:27
Daniel,CA,Android Phone,0,,,select,prequery_results,2023-05-19 21:12:52
Daniel,CA,Android Phone,0,pokemon,"Bakugan: Evolutions: Season 1: ""Evolutions Unleashed!""",play,title_results,2023-05-19 15:29:43
Daniel,CA,Android Phone,0,pokemon,,select,title_results,2023-05-19 15:29:30
Daniel,CA,Android Phone,0,pokemon,Pokémon: The Arceus Chronicles,select,title_results,2023-05-19 15:28:59
Daniel,CA,Android Phone,0,pokemon,Pokémon: Mewtwo Strikes Back - Evolution,play,title_results,2023-05-19 15:26:49
Daniel,CA,Android Phone,0,pokemon,Pokémon: Mewtwo Strikes Back - Evolution,select,title_results,2023-05-19 15:26:40
Daniel,CA,Android Phone,0,pokemon,"Pokémon Master Journeys: The Series: Part 1: ""To Train, or Not to Train!""",play,title_results,2023-05-19 15:25:45
Daniel,CA,Android Phone,0,pokemon,,select,title_results,2023-05-19 15:25:18
Daniel,CA,Android Phone,0,nanking ,Yara,select,title_results,2023-05-19 14:46:45
Daniel,CA,Android Phone,0,nanking ,All Quiet on the Western Front,select,title_results,2023-05-19 14:46:40
Daniel,CA,Android Phone,0,nanking ,Goosebumps,select,title_results,2023-05-19 14:45:53
Daniel,CA,Android Phone,0,nanking ,Goosebumps,select,title_results,2023-05-19 14:45:53
Daniel,CA,Android Phone,0,nanking ,,select,title_results,2023-05-19 14:45:18
Daniel,CA,Android Phone,0,nanking ,First They Killed My Father,select,title_results,2023-05-19 14:45:03
Daniel,CA,Android Phone,0,beef,,select,title_results,2023-05-18 01:39:54
Daniel,CA,Android Phone,0,,,select,prequery_results,2023-05-15 00:13:27
Daniel,CA,Android Phone,0,,"Superstore: Season 1: ""Mannequin""",play,prequery_results,2023-05-15 00:05:08
Daniel,CA,Android Phone,0,,"Superstore: Season 1: ""Mannequin""",play,prequery_results,2023-05-14 23:57:17
Daniel,CA,Android Phone,0,,"Superstore: Season 1: ""Mannequin""",play,prequery_results,2023-05-14 23:45:49
Daniel,CA,Android Phone,0,,,select,prequery_results,2023-05-14 23:45:36
Daniel,CA,Android Phone,0,superstore ,,select,title_results,2023-05-14 06:09:46
Daniel,CA,Android Phone,0,superstore ,Employee of the Month,select,title_results,2023-05-14 06:09:39
Daniel,CA,Android Phone,0,suits,,select,title_results,2023-05-14 05:59:11
Daniel,CA,Android Phone,0,suits,,select,title_results,2023-05-14 05:58:58
Daniel,CA,Android Phone,0,,"Superstore: Season 1: ""Shots and Salsa""",play,prequery_results,2023-05-14 00:18:14
Daniel,CA,Android Phone,0,,"Superstore: Season 1: ""Shots and Salsa""",play,prequery_results,2023-05-14 00:17:45
Daniel,CA,Android Phone,0,,,select,prequery_results,2023-05-14 00:17:26
Daniel,CA,Android Phone,0,river,,select,title_results,2023-05-14 00:16:38
Daniel,CA,Android Phone,0,,,select,prequery_results,2023-05-13 19:13:23
Daniel,CA,Android Phone,0,superstore,"Superstore: Season 4: ""Sandra's Fight""",play,title_results,2023-05-12 20:57:32
Daniel,CA,Android Phone,0,superstore,,select,title_results,2023-05-12 20:56:31
Daniel,CA,Android Phone,0,superstore,Employee of the Month,select,title_results,2023-05-12 20:56:23
Daniel,CA,Android Phone,0,superstore,,select,title_results,2023-05-12 20:56:00
Daniel,CA,Android Phone,0,superstore,,select,title_results,2023-05-12 20:55:28
Daniel,CA,Android Phone,0,,The Croods: A New Age,play,prequery_results,2023-05-12 15:14:37
Daniel,CA,Android Phone,0,,The Croods: A New Age,select,prequery_results,2023-05-12 15:14:32
Daniel,CA,Android Phone,0,,,select,prequery_results,2023-05-12 15:14:11
Daniel,CA,Android Phone,0,trai,"Trailer Park Boys: Season 1: ""Take Your Little Gun and Get Out of My Trailer Park""",play,title_results,2023-05-12 14:48:49
Daniel,CA,Android Phone,0,trai,,select,title_results,2023-05-12 14:48:40
Daniel,CA,Android Phone,0,scrubs,,select,title_results,2023-05-12 05:38:33
Daniel,CA,Android Phone,0,diary of a wimpy kid,Charlie and the Chocolate Factory,select,title_results,2023-05-12 05:38:04
Kids,CA,Android Phone,1,,Minions & More Volume 1,select,prequery_results,2024-12-16 15:34:20
Ana,CA,MVPD STB,0,il ,"The Leopard: Limited Series: ""Episode 1""",play,title_results,2025-03-09 20:16:13
Ana,CA,MVPD STB,0,il ,,select,title_results,2025-03-09 20:16:02
Ana,CA,MVPD STB,0,st,Trevor Noah: Where Was I,play,suggestion_results,2023-12-21 20:25:23
Ana,CA,MVPD STB,0,st,Trevor Noah: Where Was I,select,suggestion_results,2023-12-21 20:25:19
Ana,CA,MVPD STB,0,st,,select,suggestion_results,2023-12-21 20:24:30
Ana,CA,MVPD STB,0,st,,select,suggestion_results,2023-12-21 20:24:15
Ana,CA,MVPD STB,0,vi,,play,title_results,2023-11-28 03:53:32
Ana,CA,MVPD STB,0,vi,,play,title_results,2023-11-28 03:52:38
Ana,CA,MVPD STB,0,vi,,select,title_results,2023-11-28 03:52:35
Ana,CA,MVPD STB,0,,Mowgli: Legend of the Jungle,play,suggestion_results,2023-08-07 02:00:41
Ana,CA,MVPD STB,0,,Mowgli: Legend of the Jungle,select,suggestion_results,2023-08-07 02:00:38
Ana,CA,MVPD STB,0,,,select,suggestion_results,2023-08-07 01:58:44
Ana,CA,MVPD STB,0,,,select,suggestion_results,2023-08-07 01:57:59
Ana,CA,Android Phone,0,la re,"La Reina del Sur: Season 3: ""Dying to Live""",play,title_results,2023-07-04 02:19:06
Ana,CA,Android Phone,0,la re,,select,title_results,2023-07-04 02:19:01
Ana,CA,Android Phone,0,la re,"La Reina del Sur: Season 3: ""Dying to Live""",play,title_results,2023-07-04 02:17:05
Ana,CA,Android Phone,0,la re,"La Reina del Sur: Season 3: ""Dying to Live""",play,title_results,2023-07-04 02:16:04
Ana,CA,Android Phone,0,la re,,select,title_results,2023-07-04 02:15:54
Ana,CA,Android Phone,0,maybe i do,Maybe I Do,select,title_results,2023-07-02 00:37:02
Ana,CA,Android Phone,0,,"BEEF: Season 1: ""The Great Fabricator""",play,prequery_results,2023-05-18 01:51:12
Ana,CA,Android Phone,0,,,select,prequery_results,2023-05-18 01:50:21
Ana,CA,Android Phone,0,,,select,prequery_results,2023-05-18 01:48:50
Test,CA,Set Top Box,0,terminal,Paddleton,select,title_results,2024-12-31 22:27:50
Test,CA,Set Top Box,0,terminal,Manhunt,select,title_results,2024-12-31 22:26:08
Test,CA,Set Top Box,0,terminal,Batman v Superman: Dawn of Justice,select,title_results,2024-12-31 22:23:54
Test,CA,Set Top Box,0,terminal,Paul,select,title_results,2024-12-31 22:22:14
Test,CA,Set Top Box,0,terminal,The Terminal,select,suggestion_results,2024-12-31 22:21:12
Test,CA,Set Top Box,0,chi,Double World,play,suggestion_results,2024-12-28 18:46:32
Test,CA,Set Top Box,0,chi,Double World,select,suggestion_results,2024-12-28 18:46:27
Test,CA,Set Top Box,0,chi,,select,suggestion_results,2024-12-28 18:46:25
Test,CA,Set Top Box,0,chi,Legend of The Fist : The Return of Chen Zhen,select,suggestion_results,2024-12-28 18:46:12
Test,CA,Set Top Box,0,chi,Triumph in the Skies,select,suggestion_results,2024-12-28 18:45:50
Test,CA,Set Top Box,0,chi,A Chinese Odyssey (Part I),select,suggestion_results,2024-12-28 18:45:39
Test,CA,Set Top Box,0,chi,Dynasty Warriors,supplemental-play,suggestion_results,2024-12-28 18:45:04
Test,CA,Set Top Box,0,chi,Dynasty Warriors,select,suggestion_results,2024-12-28 18:45:00
Test,CA,Set Top Box,0,chi,,select,suggestion_results,2024-12-28 18:44:46
Test,CA,Set Top Box,0,chi,"The Longest Promise: ""Episode 1""",play,suggestion_results,2024-12-28 18:39:21
Test,CA,Set Top Box,0,chi,,select,suggestion_results,2024-12-28 18:39:17
Test,CA,Set Top Box,0,chi,,select,suggestion_results,2024-12-28 18:38:50
Test,CA,Set Top Box,0,chi,,select,suggestion_results,2024-12-28 18:38:33
Test,CA,Set Top Box,0,chi,,select,suggestion_results,2024-12-28 18:38:32
Test,CA,Set Top Box,0,gree,Green Book,play,title_results,2024-12-28 16:21:42
Test,CA,Set Top Box,0,gree,Green Book,play,title_results,2024-12-28 16:13:04
Test,CA,Set Top Box,0,gree,Green Book,select,title_results,2024-12-28 16:13:00
Test,CA,Android Phone,0,angry ,,select,title_results,2023-11-30 02:51:35
Test,CA,Android Phone,0,code geass,"Death Note: ""Revival""",play,title_results,2023-11-29 19:42:21
Test,CA,Android Phone,0,code geass,,select,title_results,2023-11-29 18:53:45
Test,CA,Set Top Box,0,ever,Parasite,play,suggestion_results,2023-08-20 22:44:36
Test,CA,Set Top Box,0,ever,Parasite,select,suggestion_results,2023-08-20 22:44:31
Test,CA,Set Top Box,0,ever,Everything Everywhere All at Once,select,suggestion_results,2023-08-20 22:44:27
Test,CA,Set Top Box,0,ever,Everything Everywhere All at Once,select,suggestion_results,2023-08-20 22:33:47
Test,CA,Set Top Box,0,co,Coraline,play,title_results,2023-08-20 22:20:11
Test,CA,Set Top Box,0,co,Coraline,select,title_results,2023-08-20 22:20:01
Test,CA,Set Top Box,0,will,Monster House,play,suggestion_results,2023-08-20 22:17:17
Test,CA,Set Top Box,0,will,Monster House,select,suggestion_results,2023-08-20 22:17:12
Test,CA,Set Top Box,0,will,Willy Wonka & the Chocolate Factory,select,suggestion_results,2023-08-20 22:17:03
Test,CA,Set Top Box,0,will,Jumanji: The Next Level,play,suggestion_results,2023-08-20 22:12:39
Test,CA,Set Top Box,0,will,Jumanji: The Next Level,select,suggestion_results,2023-08-20 22:12:33
Test,CA,Set Top Box,0,will,Willy Wonka & the Chocolate Factory,select,suggestion_results,2023-08-20 22:12:18
Test,CA,Set Top Box,0,will,,select,suggestion_results,2023-08-20 22:11:59
Test,CA,Set Top Box,0,will,Bad Boys for Life,select,suggestion_results,2023-08-20 22:11:27
Test,CA,Set Top Box,0,will,,select,suggestion_results,2023-08-20 22:11:13
Test,CA,Set Top Box,0,lia,Blacklight,play,title_results,2023-08-20 22:09:13
Test,CA,Set Top Box,0,lia,Blacklight,select,title_results,2023-08-20 22:09:00
Test,CA,Set Top Box,0,lia,,select,suggestion_results,2023-08-20 22:08:14
Test,CA,Set Top Box,0,me,Men in Black,select,title_results,2023-08-20 22:02:57
Test,CA,Set Top Box,0,me,Men in Black,select,title_results,2023-08-20 22:02:50
Test,CA,Set Top Box,0,av,Avatar,select,suggestion_results,2023-08-20 22:02:08
Test,CA,Set Top Box,0,,,select,suggestion_results,2023-08-20 22:01:49
Test,CA,Set Top Box,0,,Rush Hour,play,suggestion_results,2023-08-20 21:59:25
Test,CA,Set Top Box,0,,Rush Hour,select,suggestion_results,2023-08-20 21:59:23
Test,CA,Set Top Box,0,,,select,suggestion_results,2023-08-20 21:59:19
Test,CA,Set Top Box,0,,,select,suggestion_results,2023-08-20 21:59:02
Test,CA,Set Top Box,0,jac,"Crouching Tiger, Hidden Dragon: Sword of Destiny",play,suggestion_results,2023-08-20 21:56:15
Test,CA,Set Top Box,0,jac,"Crouching Tiger, Hidden Dragon: Sword of Destiny",select,suggestion_results,2023-08-20 21:56:12
Test,CA,Set Top Box,0,jac,The Foreigner,play,suggestion_results,2023-08-20 21:53:21
Test,CA,Set Top Box,0,jac,The Foreigner,select,suggestion_results,2023-08-20 21:53:18
Test,CA,Set Top Box,0,jac,The Foreigner,play,suggestion_results,2023-08-20 21:52:03
Test,CA,Set Top Box,0,jac,The Foreigner,select,suggestion_results,2023-08-20 21:52:00
Test,CA,Set Top Box,0,jac,,select,suggestion_results,2023-08-20 21:51:48
Test,CA,Set Top Box,0,mat,The Matrix Resurrections,play,title_results,2023-08-20 19:27:21
Test,CA,Set Top Box,0,mat,The Matrix Resurrections,select,title_results,2023-08-20 19:27:17
Test,CA,Android Phone,0,seven ,"The Seven Deadly Sins: Revival of The Commandments: ""Where Love Is Found""",play,title_results,2023-06-09 02:43:45
Test,CA,Android Phone,0,seven ,"The Seven Deadly Sins: Revival of The Commandments: ""What We Lacked""",play,title_results,2023-06-09 02:40:01
Test,CA,Android Phone,0,seven ,,select,title_results,2023-06-09 02:37:28
Test,CA,Android Phone,0,,"Superstore: Season 3: ""Sal's Dead""",play,prequery_results,2023-06-09 02:36:56
Test,CA,Android Phone,0,,,select,prequery_results,2023-06-09 02:36:52
Test,CA,Android Phone,0,,,select,prequery_results,2023-06-09 02:34:35
Test,CA,Android Phone,0,superstore,"Superstore: Season 3: ""Grand Re-Opening""",play,title_results,2023-06-04 22:58:48
Test,CA,Android Phone,0,superstore,,select,title_results,2023-06-04 22:58:41
Test,CA,Android Phone,0,superstore,Employee of the Month,select,title_results,2023-06-04 22:57:14
Test,CA,Android Phone,0,superstore,"Superstore: Season 3: ""Grand Re-Opening""",play,title_results,2023-06-04 21:14:36
Test,CA,Android Phone,0,superstore,"Superstore: Season 2: ""Tornado""",play,title_results,2023-06-04 20:57:29
Test,CA,Android Phone,0,superstore,,select,title_results,2023-06-04 20:57:26
Test,CA,Android Phone,0,superstore,"Superstore: Season 1: ""Pilot""",play,title_results,2023-06-04 04:07:29
Test,CA,Android Phone,0,superstore,,select,title_results,2023-06-04 04:07:26
Test,CA,Android Phone,0,princess ,Princess Mononoke,play,title_results,2023-06-04 02:59:50
Test,CA,Android Phone,0,princess ,Princess Mononoke,select,title_results,2023-06-04 02:59:47
Test,CA,Android Phone,0,,,select,prequery_results,2023-06-04 02:58:49
Test,CA,Android Phone,0,how to traon your dr,How to Train Your Dragon,select,title_results,2023-06-04 02:56:53
Test,CA,Android Phone,0,princess mon,Princess Mononoke,play,title_results,2023-06-04 02:28:48
Test,CA,Android Phone,0,princess mon,Princess Mononoke,select,title_results,2023-06-04 02:28:45
Test,CA,Android Phone,0,mandarin,Green Snake,select,title_results,2023-06-04 02:28:17
Test,CA,Android Phone,0,mandarin,,select,title_results,2023-06-04 02:28:02
